date,index_close,ticker
2014-01-02,3286.68994140625,^SP500TR
2014-01-03,3285.679931640625,^SP500TR
2014-01-06,3277.47998046875,^SP500TR
2014-01-07,3297.449951171875,^SP500TR
2014-01-08,3297.739990234375,^SP500TR
2014-01-09,3298.8701171875,^SP500TR
2014-01-10,3306.489990234375,^SP500TR
2014-01-13,3265.27001953125,^SP500TR
2014-01-14,3300.610107421875,^SP500TR
2014-01-15,3317.75,^SP500TR
2014-01-16,3313.360107421875,^SP500TR
2014-01-17,3300.510009765625,^SP500TR
2014-01-21,3309.739990234375,^SP500TR
2014-01-22,3312.0400390625,^SP500TR
2014-01-23,3282.639892578125,^SP500TR
2014-01-24,3214.139892578125,^SP500TR
2014-01-27,3198.570068359375,^SP500TR
2014-01-28,3218.2099609375,^SP500TR
2014-01-29,3185.699951171875,^SP500TR
2014-01-30,3221.780029296875,^SP500TR
2014-01-31,3200.949951171875,^SP500TR
2014-02-03,3127.8701171875,^SP500TR
2014-02-04,3151.93994140625,^SP500TR
2014-02-05,3146.489990234375,^SP500TR
2014-02-06,3187.25,^SP500TR
2014-02-07,3229.64990234375,^SP500TR
2014-02-10,3234.7900390625,^SP500TR
2014-02-11,3270.739990234375,^SP500TR
2014-02-12,3271.469970703125,^SP500TR
2014-02-13,3290.820068359375,^SP500TR
2014-02-14,3306.919921875,^SP500TR
2014-02-18,3311.27001953125,^SP500TR
2014-02-19,3289.830078125,^SP500TR
2014-02-20,3310.27001953125,^SP500TR
2014-02-21,3304.360107421875,^SP500TR
2014-02-24,3324.840087890625,^SP500TR
2014-02-25,3320.429931640625,^SP500TR
2014-02-26,3321.14990234375,^SP500TR
2014-02-27,3338.050048828125,^SP500TR
2014-02-28,3347.3798828125,^SP500TR
2014-03-03,3322.85009765625,^SP500TR
2014-03-04,3373.639892578125,^SP500TR
2014-03-05,3374.10009765625,^SP500TR
2014-03-06,3380.489990234375,^SP500TR
2014-03-07,3382.570068359375,^SP500TR
2014-03-10,3381.219970703125,^SP500TR
2014-03-11,3364.169921875,^SP500TR
2014-03-12,3366.070068359375,^SP500TR
2014-03-13,3327.110107421875,^SP500TR
2014-03-14,3317.81005859375,^SP500TR
2014-03-17,3349.7099609375,^SP500TR
2014-03-18,3373.97998046875,^SP500TR
2014-03-19,3353.2900390625,^SP500TR
2014-03-20,3373.60009765625,^SP500TR
2014-03-21,3363.719970703125,^SP500TR
2014-03-24,3347.360107421875,^SP500TR
2014-03-25,3362.43994140625,^SP500TR
2014-03-26,3339.0,^SP500TR
2014-03-27,3333.22998046875,^SP500TR
2014-03-28,3348.830078125,^SP500TR
2014-03-31,3375.510009765625,^SP500TR
2014-04-01,3399.510009765625,^SP500TR
2014-04-02,3409.800048828125,^SP500TR
2014-04-03,3406.0,^SP500TR
2014-04-04,3363.409912109375,^SP500TR
2014-04-07,3327.27001953125,^SP500TR
2014-04-08,3340.840087890625,^SP500TR
2014-04-09,3377.610107421875,^SP500TR
2014-04-10,3307.080078125,^SP500TR
2014-04-11,3276.0400390625,^SP500TR
2014-04-14,3302.97998046875,^SP500TR
2014-04-15,3325.300048828125,^SP500TR
2014-04-16,3360.27001953125,^SP500TR
2014-04-17,3365.0,^SP500TR
2014-04-21,3377.75,^SP500TR
2014-04-22,3391.580078125,^SP500TR
2014-04-23,3384.5,^SP500TR
2014-04-24,3390.389892578125,^SP500TR
2014-04-25,3362.949951171875,^SP500TR
2014-04-28,3374.0400390625,^SP500TR
2014-04-29,3390.159912109375,^SP500TR
2014-04-30,3400.4599609375,^SP500TR
2014-05-01,3400.199951171875,^SP500TR
2014-05-02,3395.610107421875,^SP500TR
2014-05-05,3402.22998046875,^SP500TR
2014-05-06,3371.719970703125,^SP500TR
2014-05-07,3392.10009765625,^SP500TR
2014-05-08,3388.2900390625,^SP500TR
2014-05-09,3394.050048828125,^SP500TR
2014-05-12,3427.010009765625,^SP500TR
2014-05-13,3429.300048828125,^SP500TR
2014-05-14,3413.840087890625,^SP500TR
2014-05-15,3382.52001953125,^SP500TR
2014-05-16,3395.2099609375,^SP500TR
2014-05-19,3408.52001953125,^SP500TR
2014-05-20,3386.47998046875,^SP500TR
2014-05-21,3414.449951171875,^SP500TR
2014-05-22,3422.989990234375,^SP500TR
2014-05-23,3437.580078125,^SP500TR
2014-05-27,3458.18994140625,^SP500TR
2014-05-28,3454.8798828125,^SP500TR
2014-05-29,3473.860107421875,^SP500TR
2014-05-30,3480.2900390625,^SP500TR
2014-06-02,3483.139892578125,^SP500TR
2014-06-03,3482.0,^SP500TR
2014-06-04,3489.2099609375,^SP500TR
2014-06-05,3512.2099609375,^SP500TR
2014-06-06,3528.97998046875,^SP500TR
2014-06-09,3532.469970703125,^SP500TR
2014-06-10,3531.6201171875,^SP500TR
2014-06-11,3519.52001953125,^SP500TR
2014-06-12,3495.570068359375,^SP500TR
2014-06-13,3506.580078125,^SP500TR
2014-06-16,3509.5400390625,^SP500TR
2014-06-17,3517.22998046875,^SP500TR
2014-06-18,3544.419921875,^SP500TR
2014-06-19,3549.43994140625,^SP500TR
2014-06-20,3555.60009765625,^SP500TR
2014-06-23,3555.139892578125,^SP500TR
2014-06-24,3532.570068359375,^SP500TR
2014-06-25,3549.9599609375,^SP500TR
2014-06-26,3546.3798828125,^SP500TR
2014-06-27,3553.35009765625,^SP500TR
2014-06-30,3552.179931640625,^SP500TR
2014-07-01,3576.550048828125,^SP500TR
2014-07-02,3579.110107421875,^SP500TR
2014-07-03,3598.72998046875,^SP500TR
2014-07-07,3584.75,^SP500TR
2014-07-08,3560.530029296875,^SP500TR
2014-07-09,3577.280029296875,^SP500TR
2014-07-10,3562.489990234375,^SP500TR
2014-07-11,3568.080078125,^SP500TR
2014-07-14,3585.3701171875,^SP500TR
2014-07-15,3578.4599609375,^SP500TR
2014-07-16,3593.909912109375,^SP500TR
2014-07-17,3551.72998046875,^SP500TR
2014-07-18,3588.2099609375,^SP500TR
2014-07-21,3579.989990234375,^SP500TR
2014-07-22,3597.949951171875,^SP500TR
2014-07-23,3604.300048828125,^SP500TR
2014-07-24,3606.10009765625,^SP500TR
2014-07-25,3588.679931640625,^SP500TR
2014-07-28,3589.72998046875,^SP500TR
2014-07-29,3573.64990234375,^SP500TR
2014-07-30,3574.449951171875,^SP500TR
2014-07-31,3503.18994140625,^SP500TR
2014-08-01,3493.179931640625,^SP500TR
2014-08-04,3518.31005859375,^SP500TR
2014-08-05,3484.56005859375,^SP500TR
2014-08-06,3485.669921875,^SP500TR
2014-08-07,3467.139892578125,^SP500TR
2014-08-08,3507.2099609375,^SP500TR
2014-08-11,3517.530029296875,^SP500TR
2014-08-12,3511.9599609375,^SP500TR
2014-08-13,3536.419921875,^SP500TR
2014-08-14,3551.969970703125,^SP500TR
2014-08-15,3552.169921875,^SP500TR
2014-08-18,3582.699951171875,^SP500TR
2014-08-19,3601.330078125,^SP500TR
2014-08-20,3610.489990234375,^SP500TR
2014-08-21,3621.22998046875,^SP500TR
2014-08-22,3614.5,^SP500TR
2014-08-25,3631.860107421875,^SP500TR
2014-08-26,3635.7099609375,^SP500TR
2014-08-27,3636.639892578125,^SP500TR
2014-08-28,3630.97998046875,^SP500TR
2014-08-29,3643.330078125,^SP500TR
2014-09-02,3641.52001953125,^SP500TR
2014-09-03,3639.35009765625,^SP500TR
2014-09-04,3633.8701171875,^SP500TR
2014-09-05,3652.260009765625,^SP500TR
2014-09-08,3641.659912109375,^SP500TR
2014-09-09,3617.889892578125,^SP500TR
2014-09-10,3631.449951171875,^SP500TR
2014-09-11,3635.659912109375,^SP500TR
2014-09-12,3614.06005859375,^SP500TR
2014-09-15,3611.52001953125,^SP500TR
2014-09-16,3638.60009765625,^SP500TR
2014-09-17,3643.39990234375,^SP500TR
2014-09-18,3661.72998046875,^SP500TR
2014-09-19,3660.030029296875,^SP500TR
2014-09-22,3630.699951171875,^SP500TR
2014-09-23,3610.10009765625,^SP500TR
2014-09-24,3638.43994140625,^SP500TR
2014-09-25,3579.610107421875,^SP500TR
2014-09-26,3610.97998046875,^SP500TR
2014-09-29,3602.090087890625,^SP500TR
2014-09-30,3592.25,^SP500TR
2014-10-01,3544.97998046875,^SP500TR
2014-10-02,3545.300048828125,^SP500TR
2014-10-03,3584.93994140625,^SP500TR
2014-10-06,3579.419921875,^SP500TR
2014-10-07,3525.2900390625,^SP500TR
2014-10-08,3588.070068359375,^SP500TR
2014-10-09,3514.1201171875,^SP500TR
2014-10-10,3474.22998046875,^SP500TR
2014-10-13,3417.010009765625,^SP500TR
2014-10-14,3422.429931640625,^SP500TR
2014-10-15,3395.030029296875,^SP500TR
2014-10-16,3395.639892578125,^SP500TR
2014-10-17,3439.389892578125,^SP500TR
2014-10-20,3470.889892578125,^SP500TR
2014-10-21,3538.89990234375,^SP500TR
2014-10-22,3513.469970703125,^SP500TR
2014-10-23,3556.699951171875,^SP500TR
2014-10-24,3581.820068359375,^SP500TR
2014-10-27,3576.469970703125,^SP500TR
2014-10-28,3619.159912109375,^SP500TR
2014-10-29,3614.530029296875,^SP500TR
2014-10-30,3637.300048828125,^SP500TR
2014-10-31,3679.989990234375,^SP500TR
2014-11-03,3679.580078125,^SP500TR
2014-11-04,3669.179931640625,^SP500TR
2014-11-05,3691.3798828125,^SP500TR
2014-11-06,3706.449951171875,^SP500TR
2014-11-07,3708.4599609375,^SP500TR
2014-11-10,3720.25,^SP500TR
2014-11-11,3722.840087890625,^SP500TR
2014-11-12,3721.300048828125,^SP500TR
2014-11-13,3723.580078125,^SP500TR
2014-11-14,3724.919921875,^SP500TR
2014-11-17,3727.860107421875,^SP500TR
2014-11-18,3747.739990234375,^SP500TR
2014-11-19,3742.35009765625,^SP500TR
2014-11-20,3749.8701171875,^SP500TR
2014-11-21,3770.030029296875,^SP500TR
2014-11-24,3780.8798828125,^SP500TR
2014-11-25,3776.93994140625,^SP500TR
2014-11-26,3788.419921875,^SP500TR
2014-11-28,3778.9599609375,^SP500TR
2014-12-01,3753.31005859375,^SP500TR
2014-12-02,3777.469970703125,^SP500TR
2014-12-03,3792.679931640625,^SP500TR
2014-12-04,3788.340087890625,^SP500TR
2014-12-05,3794.679931640625,^SP500TR
2014-12-08,3767.699951171875,^SP500TR
2014-12-09,3758.8701171875,^SP500TR
2014-12-10,3705.510009765625,^SP500TR
2014-12-11,3723.320068359375,^SP500TR
2014-12-12,3663.10009765625,^SP500TR
2014-12-15,3639.969970703125,^SP500TR
2014-12-16,3609.06005859375,^SP500TR
2014-12-17,3682.699951171875,^SP500TR
2014-12-18,3771.719970703125,^SP500TR
2014-12-19,3788.969970703125,^SP500TR
2014-12-22,3803.93994140625,^SP500TR
2014-12-23,3810.780029296875,^SP500TR
2014-12-24,3810.389892578125,^SP500TR
2014-12-26,3823.0,^SP500TR
2014-12-29,3826.949951171875,^SP500TR
2014-12-30,3808.68994140625,^SP500TR
2014-12-31,3769.43994140625,^SP500TR
2015-01-02,3768.679931640625,^SP500TR
2015-01-05,3700.030029296875,^SP500TR
2015-01-06,3667.139892578125,^SP500TR
2015-01-07,3710.93994140625,^SP500TR
2015-01-08,3777.39990234375,^SP500TR
2015-01-09,3745.669921875,^SP500TR
2015-01-12,3715.360107421875,^SP500TR
2015-01-13,3706.14990234375,^SP500TR
2015-01-14,3684.719970703125,^SP500TR
2015-01-15,3650.739990234375,^SP500TR
2015-01-16,3699.7900390625,^SP500TR
2015-01-20,3705.639892578125,^SP500TR
2015-01-21,3723.6201171875,^SP500TR
2015-01-22,3780.510009765625,^SP500TR
2015-01-23,3759.760009765625,^SP500TR
2015-01-26,3769.449951171875,^SP500TR
2015-01-27,3718.989990234375,^SP500TR
2015-01-28,3669.10009765625,^SP500TR
2015-01-29,3704.35009765625,^SP500TR
2015-01-30,3656.280029296875,^SP500TR
2015-02-02,3703.77001953125,^SP500TR
2015-02-03,3757.340087890625,^SP500TR
2015-02-04,3742.840087890625,^SP500TR
2015-02-05,3782.110107421875,^SP500TR
2015-02-06,3770.199951171875,^SP500TR
2015-02-09,3754.360107421875,^SP500TR
2015-02-10,3794.6201171875,^SP500TR
2015-02-11,3795.820068359375,^SP500TR
2015-02-12,3833.35009765625,^SP500TR
2015-02-13,3849.2900390625,^SP500TR
2015-02-17,3856.0400390625,^SP500TR
2015-02-18,3855.0,^SP500TR
2015-02-19,3851.530029296875,^SP500TR
2015-02-20,3875.60009765625,^SP500TR
2015-02-23,3874.4599609375,^SP500TR
2015-02-24,3885.27001953125,^SP500TR
2015-02-25,3882.949951171875,^SP500TR
2015-02-26,3877.85009765625,^SP500TR
2015-02-27,3866.419921875,^SP500TR
2015-03-02,3890.320068359375,^SP500TR
2015-03-03,3872.7099609375,^SP500TR
2015-03-04,3856.510009765625,^SP500TR
2015-03-05,3861.2900390625,^SP500TR
2015-03-06,3807.0400390625,^SP500TR
2015-03-09,3822.419921875,^SP500TR
2015-03-10,3757.830078125,^SP500TR
2015-03-11,3751.199951171875,^SP500TR
2015-03-12,3799.429931640625,^SP500TR
2015-03-13,3776.43994140625,^SP500TR
2015-03-16,3827.6201171875,^SP500TR
2015-03-17,3814.909912109375,^SP500TR
2015-03-18,3861.389892578125,^SP500TR
2015-03-19,3842.6201171875,^SP500TR
2015-03-20,3877.260009765625,^SP500TR
2015-03-23,3870.489990234375,^SP500TR
2015-03-24,3847.050048828125,^SP500TR
2015-03-25,3791.1298828125,^SP500TR
2015-03-26,3782.2099609375,^SP500TR
2015-03-27,3791.89990234375,^SP500TR
2015-03-30,3838.64990234375,^SP500TR
2015-03-31,3805.27001953125,^SP500TR
2015-04-01,3790.659912109375,^SP500TR
2015-04-02,3804.139892578125,^SP500TR
2015-04-06,3829.31005859375,^SP500TR
2015-04-07,3821.489990234375,^SP500TR
2015-04-08,3833.199951171875,^SP500TR
2015-04-09,3850.2900390625,^SP500TR
2015-04-10,3870.31005859375,^SP500TR
2015-04-13,3852.929931640625,^SP500TR
2015-04-14,3859.219970703125,^SP500TR
2015-04-15,3879.10009765625,^SP500TR
2015-04-16,3876.169921875,^SP500TR
2015-04-17,3832.330078125,^SP500TR
2015-04-20,3867.820068359375,^SP500TR
2015-04-21,3862.14990234375,^SP500TR
2015-04-22,3881.929931640625,^SP500TR
2015-04-23,3891.4599609375,^SP500TR
2015-04-24,3900.239990234375,^SP500TR
2015-04-27,3884.10009765625,^SP500TR
2015-04-28,3895.2099609375,^SP500TR
2015-04-29,3880.89990234375,^SP500TR
2015-04-30,3841.780029296875,^SP500TR
2015-05-01,3883.75,^SP500TR
2015-05-04,3895.159912109375,^SP500TR
2015-05-05,3849.409912109375,^SP500TR
2015-05-06,3833.699951171875,^SP500TR
2015-05-07,3849.1298828125,^SP500TR
2015-05-08,3901.010009765625,^SP500TR
2015-05-11,3881.929931640625,^SP500TR
2015-05-12,3870.68994140625,^SP500TR
2015-05-13,3870.360107421875,^SP500TR
2015-05-14,3912.52001953125,^SP500TR
2015-05-15,3915.989990234375,^SP500TR
2015-05-18,3928.14990234375,^SP500TR
2015-05-19,3926.409912109375,^SP500TR
2015-05-20,3923.179931640625,^SP500TR
2015-05-21,3932.89990234375,^SP500TR
2015-05-22,3924.159912109375,^SP500TR
2015-05-26,3883.8798828125,^SP500TR
2015-05-27,3920.110107421875,^SP500TR
2015-05-28,3915.820068359375,^SP500TR
2015-05-29,3891.179931640625,^SP500TR
2015-06-01,3899.590087890625,^SP500TR
2015-06-02,3895.85009765625,^SP500TR
2015-06-03,3904.830078125,^SP500TR
2015-06-04,3871.22998046875,^SP500TR
2015-06-05,3865.830078125,^SP500TR
2015-06-08,3841.449951171875,^SP500TR
2015-06-09,3843.159912109375,^SP500TR
2015-06-10,3889.699951171875,^SP500TR
2015-06-11,3897.590087890625,^SP500TR
2015-06-12,3870.56005859375,^SP500TR
2015-06-15,3852.75,^SP500TR
2015-06-16,3874.72998046875,^SP500TR
2015-06-17,3882.489990234375,^SP500TR
2015-06-18,3921.429931640625,^SP500TR
2015-06-19,3900.639892578125,^SP500TR
2015-06-22,3924.409912109375,^SP500TR
2015-06-23,3927.22998046875,^SP500TR
2015-06-24,3898.469970703125,^SP500TR
2015-06-25,3887.0400390625,^SP500TR
2015-06-26,3886.2099609375,^SP500TR
2015-06-29,3805.5,^SP500TR
2015-06-30,3815.85009765625,^SP500TR
2015-07-01,3843.260009765625,^SP500TR
2015-07-02,3842.06005859375,^SP500TR
2015-07-06,3827.35009765625,^SP500TR
2015-07-07,3850.659912109375,^SP500TR
2015-07-08,3787.669921875,^SP500TR
2015-07-09,3796.260009765625,^SP500TR
2015-07-10,3843.10009765625,^SP500TR
2015-07-13,3885.969970703125,^SP500TR
2015-07-14,3903.31005859375,^SP500TR
2015-07-15,3900.5,^SP500TR
2015-07-16,3931.85009765625,^SP500TR
2015-07-17,3936.219970703125,^SP500TR
2015-07-20,3939.35009765625,^SP500TR
2015-07-21,3922.699951171875,^SP500TR
2015-07-22,3913.75,^SP500TR
2015-07-23,3891.7900390625,^SP500TR
2015-07-24,3850.14990234375,^SP500TR
2015-07-27,3827.929931640625,^SP500TR
2015-07-28,3875.3701171875,^SP500TR
2015-07-29,3904.2099609375,^SP500TR
2015-07-30,3904.639892578125,^SP500TR
2015-07-31,3895.800048828125,^SP500TR
2015-08-03,3885.070068359375,^SP500TR
2015-08-04,3876.43994140625,^SP500TR
2015-08-05,3889.989990234375,^SP500TR
2015-08-06,3860.919921875,^SP500TR
2015-08-07,3849.9599609375,^SP500TR
2015-08-10,3899.360107421875,^SP500TR
2015-08-11,3862.81005859375,^SP500TR
2015-08-12,3867.3701171875,^SP500TR
2015-08-13,3863.030029296875,^SP500TR
2015-08-14,3878.159912109375,^SP500TR
2015-08-17,3899.10009765625,^SP500TR
2015-08-18,3889.60009765625,^SP500TR
2015-08-19,3857.739990234375,^SP500TR
2015-08-20,3776.360107421875,^SP500TR
2015-08-21,3656.669921875,^SP500TR
2015-08-24,3512.64990234375,^SP500TR
2015-08-25,3465.18994140625,^SP500TR
2015-08-26,3600.72998046875,^SP500TR
2015-08-27,3688.60009765625,^SP500TR
2015-08-28,3691.300048828125,^SP500TR
2015-08-31,3660.75,^SP500TR
2015-09-01,3552.64990234375,^SP500TR
2015-09-02,3618.25,^SP500TR
2015-09-03,3622.659912109375,^SP500TR
2015-09-04,3567.409912109375,^SP500TR
2015-09-08,3657.320068359375,^SP500TR
2015-09-09,3606.800048828125,^SP500TR
2015-09-10,3626.139892578125,^SP500TR
2015-09-11,3643.5400390625,^SP500TR
2015-09-14,3628.8701171875,^SP500TR
2015-09-15,3675.47998046875,^SP500TR
2015-09-16,3707.6201171875,^SP500TR
2015-09-17,3698.739990234375,^SP500TR
2015-09-18,3638.989990234375,^SP500TR
2015-09-21,3655.639892578125,^SP500TR
2015-09-22,3610.699951171875,^SP500TR
2015-09-23,3603.489990234375,^SP500TR
2015-09-24,3591.3701171875,^SP500TR
2015-09-25,3589.7099609375,^SP500TR
2015-09-28,3498.610107421875,^SP500TR
2015-09-29,3503.1298828125,^SP500TR
2015-09-30,3570.169921875,^SP500TR
2015-10-01,3577.469970703125,^SP500TR
2015-10-02,3629.0400390625,^SP500TR
2015-10-05,3695.610107421875,^SP500TR
2015-10-06,3682.330078125,^SP500TR
2015-10-07,3713.360107421875,^SP500TR
2015-10-08,3746.1201171875,^SP500TR
2015-10-09,3748.9599609375,^SP500TR
2015-10-12,3753.72998046875,^SP500TR
2015-10-13,3728.47998046875,^SP500TR
2015-10-14,3711.110107421875,^SP500TR
2015-10-15,3766.429931640625,^SP500TR
2015-10-16,3783.639892578125,^SP500TR
2015-10-19,3784.719970703125,^SP500TR
2015-10-20,3779.43994140625,^SP500TR
2015-10-21,3757.909912109375,^SP500TR
2015-10-22,3820.489990234375,^SP500TR
2015-10-23,3862.64990234375,^SP500TR
2015-10-26,3855.2900390625,^SP500TR
2015-10-27,3845.449951171875,^SP500TR
2015-10-28,3891.340087890625,^SP500TR
2015-10-29,3890.0400390625,^SP500TR
2015-10-30,3871.330078125,^SP500TR
2015-11-02,3917.300048828125,^SP500TR
2015-11-03,3928.050048828125,^SP500TR
2015-11-04,3915.52001953125,^SP500TR
2015-11-05,3911.889892578125,^SP500TR
2015-11-06,3910.97998046875,^SP500TR
2015-11-09,3873.3701171875,^SP500TR
2015-11-10,3880.22998046875,^SP500TR
2015-11-11,3867.7099609375,^SP500TR
2015-11-12,3814.2900390625,^SP500TR
2015-11-13,3771.590087890625,^SP500TR
2015-11-16,3828.4599609375,^SP500TR
2015-11-17,3824.139892578125,^SP500TR
2015-11-18,3886.260009765625,^SP500TR
2015-11-19,3882.06005859375,^SP500TR
2015-11-20,3897.449951171875,^SP500TR
2015-11-23,3892.800048828125,^SP500TR
2015-11-24,3897.669921875,^SP500TR
2015-11-25,3897.570068359375,^SP500TR
2015-11-27,3900.739990234375,^SP500TR
2015-11-30,3882.840087890625,^SP500TR
2015-12-01,3924.6298828125,^SP500TR
2015-12-02,3882.3798828125,^SP500TR
2015-12-03,3826.739990234375,^SP500TR
2015-12-04,3905.31005859375,^SP500TR
2015-12-07,3878.31005859375,^SP500TR
2015-12-08,3853.47998046875,^SP500TR
2015-12-09,3823.89990234375,^SP500TR
2015-12-10,3832.929931640625,^SP500TR
2015-12-11,3759.090087890625,^SP500TR
2015-12-14,3777.219970703125,^SP500TR
2015-12-15,3817.360107421875,^SP500TR
2015-12-16,3873.1201171875,^SP500TR
2015-12-17,3815.4599609375,^SP500TR
2015-12-18,3747.56005859375,^SP500TR
2015-12-21,3777.14990234375,^SP500TR
2015-12-22,3810.85009765625,^SP500TR
2015-12-23,3858.469970703125,^SP500TR
2015-12-24,3852.31005859375,^SP500TR
2015-12-28,3843.93994140625,^SP500TR
2015-12-29,3885.550048828125,^SP500TR
2015-12-30,3857.89990234375,^SP500TR
2015-12-31,3821.60009765625,^SP500TR
2016-01-04,3763.989990234375,^SP500TR
2016-01-05,3771.570068359375,^SP500TR
2016-01-06,3723.43994140625,^SP500TR
2016-01-07,3635.2900390625,^SP500TR
2016-01-08,3595.909912109375,^SP500TR
2016-01-11,3598.969970703125,^SP500TR
2016-01-12,3627.06005859375,^SP500TR
2016-01-13,3536.919921875,^SP500TR
2016-01-14,3596.030029296875,^SP500TR
2016-01-15,3518.510009765625,^SP500TR
2016-01-19,3520.39990234375,^SP500TR
2016-01-20,3479.75,^SP500TR
2016-01-21,3497.93994140625,^SP500TR
2016-01-22,3568.89990234375,^SP500TR
2016-01-25,3513.110107421875,^SP500TR
2016-01-26,3562.81005859375,^SP500TR
2016-01-27,3524.330078125,^SP500TR
2016-01-28,3544.1298828125,^SP500TR
2016-01-29,3631.9599609375,^SP500TR
2016-02-01,3630.4599609375,^SP500TR
2016-02-02,3562.52001953125,^SP500TR
2016-02-03,3581.530029296875,^SP500TR
2016-02-04,3587.7099609375,^SP500TR
2016-02-05,3521.60009765625,^SP500TR
2016-02-08,3472.080078125,^SP500TR
2016-02-09,3470.5,^SP500TR
2016-02-10,3471.0400390625,^SP500TR
2016-02-11,3428.989990234375,^SP500TR
2016-02-12,3496.280029296875,^SP500TR
2016-02-16,3555.199951171875,^SP500TR
2016-02-17,3614.159912109375,^SP500TR
2016-02-18,3597.489990234375,^SP500TR
2016-02-19,3597.919921875,^SP500TR
2016-02-22,3649.919921875,^SP500TR
2016-02-23,3604.679931640625,^SP500TR
2016-02-24,3620.8701171875,^SP500TR
2016-02-25,3662.840087890625,^SP500TR
2016-02-26,3656.419921875,^SP500TR
2016-02-29,3627.06005859375,^SP500TR
2016-03-01,3713.699951171875,^SP500TR
2016-03-02,3729.590087890625,^SP500TR
2016-03-03,3743.02001953125,^SP500TR
2016-03-04,3755.469970703125,^SP500TR
2016-03-07,3759.050048828125,^SP500TR
2016-03-08,3717.489990234375,^SP500TR
2016-03-09,3736.919921875,^SP500TR
2016-03-10,3737.739990234375,^SP500TR
2016-03-11,3800.070068359375,^SP500TR
2016-03-14,3795.530029296875,^SP500TR
2016-03-15,3788.6201171875,^SP500TR
2016-03-16,3810.090087890625,^SP500TR
2016-03-17,3835.260009765625,^SP500TR
2016-03-18,3852.14990234375,^SP500TR
2016-03-21,3855.969970703125,^SP500TR
2016-03-22,3853.179931640625,^SP500TR
2016-03-23,3828.580078125,^SP500TR
2016-03-24,3827.139892578125,^SP500TR
2016-03-28,3829.260009765625,^SP500TR
2016-03-29,3863.800048828125,^SP500TR
2016-03-30,3881.010009765625,^SP500TR
2016-03-31,3873.110107421875,^SP500TR
2016-04-01,3897.659912109375,^SP500TR
2016-04-04,3886.0,^SP500TR
2016-04-05,3846.590087890625,^SP500TR
2016-04-06,3888.409912109375,^SP500TR
2016-04-07,3841.97998046875,^SP500TR
2016-04-08,3852.719970703125,^SP500TR
2016-04-11,3842.169921875,^SP500TR
2016-04-12,3879.419921875,^SP500TR
2016-04-13,3918.949951171875,^SP500TR
2016-04-14,3920.030029296875,^SP500TR
2016-04-15,3916.169921875,^SP500TR
2016-04-18,3941.860107421875,^SP500TR
2016-04-19,3954.010009765625,^SP500TR
2016-04-20,3957.25,^SP500TR
2016-04-21,3936.800048828125,^SP500TR
2016-04-22,3937.0,^SP500TR
2016-04-25,3929.8798828125,^SP500TR
2016-04-26,3937.22998046875,^SP500TR
2016-04-27,3944.02001953125,^SP500TR
2016-04-28,3907.8798828125,^SP500TR
2016-04-29,3888.1298828125,^SP500TR
2016-05-02,3918.530029296875,^SP500TR
2016-05-03,3884.6298828125,^SP500TR
2016-05-04,3862.39990234375,^SP500TR
2016-05-05,3862.39990234375,^SP500TR
2016-05-06,3875.179931640625,^SP500TR
2016-05-09,3878.139892578125,^SP500TR
2016-05-10,3926.6298828125,^SP500TR
2016-05-11,3891.1298828125,^SP500TR
2016-05-12,3890.85009765625,^SP500TR
2016-05-13,3858.169921875,^SP500TR
2016-05-16,3896.360107421875,^SP500TR
2016-05-17,3860.8798828125,^SP500TR
2016-05-18,3862.25,^SP500TR
2016-05-19,3847.969970703125,^SP500TR
2016-05-20,3871.75,^SP500TR
2016-05-23,3863.820068359375,^SP500TR
2016-05-24,3916.77001953125,^SP500TR
2016-05-25,3944.330078125,^SP500TR
2016-05-26,3944.050048828125,^SP500TR
2016-05-27,3961.669921875,^SP500TR
2016-05-31,3957.949951171875,^SP500TR
2016-06-01,3963.10009765625,^SP500TR
2016-06-02,3974.760009765625,^SP500TR
2016-06-03,3963.22998046875,^SP500TR
2016-06-06,3982.739990234375,^SP500TR
2016-06-07,3987.9599609375,^SP500TR
2016-06-08,4001.97998046875,^SP500TR
2016-06-09,3995.280029296875,^SP500TR
2016-06-10,3958.679931640625,^SP500TR
2016-06-13,3927.72998046875,^SP500TR
2016-06-14,3920.929931640625,^SP500TR
2016-06-15,3914.02001953125,^SP500TR
2016-06-16,3926.929931640625,^SP500TR
2016-06-17,3914.14990234375,^SP500TR
2016-06-20,3936.909912109375,^SP500TR
2016-06-21,3947.93994140625,^SP500TR
2016-06-22,3941.449951171875,^SP500TR
2016-06-23,3994.179931640625,^SP500TR
2016-06-24,3850.699951171875,^SP500TR
2016-06-27,3781.02001953125,^SP500TR
2016-06-28,3849.050048828125,^SP500TR
2016-06-29,3915.10009765625,^SP500TR
2016-06-30,3968.2099609375,^SP500TR
2016-07-01,3976.679931640625,^SP500TR
2016-07-05,3949.719970703125,^SP500TR
2016-07-06,3972.260009765625,^SP500TR
2016-07-07,3969.18994140625,^SP500TR
2016-07-08,4029.75,^SP500TR
2016-07-11,4043.489990234375,^SP500TR
2016-07-12,4071.85009765625,^SP500TR
2016-07-13,4072.77001953125,^SP500TR
2016-07-14,4094.280029296875,^SP500TR
2016-07-15,4090.489990234375,^SP500TR
2016-07-18,4100.39990234375,^SP500TR
2016-07-19,4094.610107421875,^SP500TR
2016-07-20,4112.60986328125,^SP500TR
2016-07-21,4097.81982421875,^SP500TR
2016-07-22,4116.5,^SP500TR
2016-07-25,4104.1298828125,^SP500TR
2016-07-26,4105.56982421875,^SP500TR
2016-07-27,4100.81005859375,^SP500TR
2016-07-28,4107.75,^SP500TR
2016-07-29,4114.509765625,^SP500TR
2016-08-01,4109.27978515625,^SP500TR
2016-08-02,4083.25,^SP500TR
2016-08-03,4097.2998046875,^SP500TR
2016-08-04,4099.2099609375,^SP500TR
2016-08-05,4134.56005859375,^SP500TR
2016-08-08,4131.18994140625,^SP500TR
2016-08-09,4132.9599609375,^SP500TR
2016-08-10,4122.64990234375,^SP500TR
2016-08-11,4142.72021484375,^SP500TR
2016-08-12,4139.6298828125,^SP500TR
2016-08-15,4151.68994140625,^SP500TR
2016-08-16,4129.68017578125,^SP500TR
2016-08-17,4138.419921875,^SP500TR
2016-08-18,4147.64013671875,^SP500TR
2016-08-19,4142.22998046875,^SP500TR
2016-08-22,4139.97021484375,^SP500TR
2016-08-23,4148.16015625,^SP500TR
2016-08-24,4126.64990234375,^SP500TR
2016-08-25,4121.08984375,^SP500TR
2016-08-26,4114.68017578125,^SP500TR
2016-08-29,4136.75,^SP500TR
2016-08-30,4129.33984375,^SP500TR
2016-08-31,4120.2900390625,^SP500TR
2016-09-01,4120.169921875,^SP500TR
2016-09-02,4137.7001953125,^SP500TR
2016-09-06,4150.10986328125,^SP500TR
2016-09-07,4150.509765625,^SP500TR
2016-09-08,4141.4599609375,^SP500TR
2016-09-09,4039.949951171875,^SP500TR
2016-09-12,4099.47021484375,^SP500TR
2016-09-13,4039.919921875,^SP500TR
2016-09-14,4037.830078125,^SP500TR
2016-09-15,4079.320068359375,^SP500TR
2016-09-16,4063.969970703125,^SP500TR
2016-09-19,4063.93994140625,^SP500TR
2016-09-20,4065.199951171875,^SP500TR
2016-09-21,4109.6298828125,^SP500TR
2016-09-22,4136.41015625,^SP500TR
2016-09-23,4112.68994140625,^SP500TR
2016-09-26,4077.7099609375,^SP500TR
2016-09-27,4104.18017578125,^SP500TR
2016-09-28,4126.830078125,^SP500TR
2016-09-29,4088.469970703125,^SP500TR
2016-09-30,4121.06005859375,^SP500TR
2016-10-03,4108.1298828125,^SP500TR
2016-10-04,4088.169921875,^SP500TR
2016-10-05,4107.39990234375,^SP500TR
2016-10-06,4109.490234375,^SP500TR
2016-10-07,4096.25,^SP500TR
2016-10-10,4115.1201171875,^SP500TR
2016-10-11,4063.919921875,^SP500TR
2016-10-12,4068.919921875,^SP500TR
2016-10-13,4056.449951171875,^SP500TR
2016-10-14,4057.280029296875,^SP500TR
2016-10-17,4045.070068359375,^SP500TR
2016-10-18,4069.989990234375,^SP500TR
2016-10-19,4079.5,^SP500TR
2016-10-20,4074.179931640625,^SP500TR
2016-10-21,4073.85009765625,^SP500TR
2016-10-24,4093.219970703125,^SP500TR
2016-10-25,4077.800048828125,^SP500TR
2016-10-26,4070.760009765625,^SP500TR
2016-10-27,4058.75,^SP500TR
2016-10-28,4046.360107421875,^SP500TR
2016-10-31,4045.889892578125,^SP500TR
2016-11-01,4018.469970703125,^SP500TR
2016-11-02,3992.760009765625,^SP500TR
2016-11-03,3976.56005859375,^SP500TR
2016-11-04,3970.02001953125,^SP500TR
2016-11-07,4058.300048828125,^SP500TR
2016-11-08,4075.610107421875,^SP500TR
2016-11-09,4121.02978515625,^SP500TR
2016-11-10,4129.4599609375,^SP500TR
2016-11-11,4123.68994140625,^SP500TR
2016-11-14,4123.81005859375,^SP500TR
2016-11-15,4155.6201171875,^SP500TR
2016-11-16,4150.2099609375,^SP500TR
2016-11-17,4169.8701171875,^SP500TR
2016-11-18,4160.580078125,^SP500TR
2016-11-21,4191.68017578125,^SP500TR
2016-11-22,4200.9501953125,^SP500TR
2016-11-23,4204.490234375,^SP500TR
2016-11-25,4221.02001953125,^SP500TR
2016-11-28,4199.39013671875,^SP500TR
2016-11-29,4205.990234375,^SP500TR
2016-11-30,4195.72998046875,^SP500TR
2016-12-01,4181.14990234375,^SP500TR
2016-12-02,4182.81005859375,^SP500TR
2016-12-05,4207.56982421875,^SP500TR
2016-12-06,4222.0400390625,^SP500TR
2016-12-07,4278.43994140625,^SP500TR
2016-12-08,4288.10009765625,^SP500TR
2016-12-09,4313.60986328125,^SP500TR
2016-12-12,4308.93994140625,^SP500TR
2016-12-13,4337.85986328125,^SP500TR
2016-12-14,4302.93017578125,^SP500TR
2016-12-15,4319.83984375,^SP500TR
2016-12-16,4312.39990234375,^SP500TR
2016-12-19,4321.02001953125,^SP500TR
2016-12-20,4337.35986328125,^SP500TR
2016-12-21,4326.85009765625,^SP500TR
2016-12-22,4319.330078125,^SP500TR
2016-12-23,4325.169921875,^SP500TR
2016-12-27,4334.93017578125,^SP500TR
2016-12-28,4299.4501953125,^SP500TR
2016-12-29,4298.39013671875,^SP500TR
2016-12-30,4278.66015625,^SP500TR
2017-01-03,4315.080078125,^SP500TR
2017-01-04,4340.75,^SP500TR
2017-01-05,4337.4501953125,^SP500TR
2017-01-06,4354.0498046875,^SP500TR
2017-01-09,4338.6201171875,^SP500TR
2017-01-10,4338.64013671875,^SP500TR
2017-01-11,4351.31982421875,^SP500TR
2017-01-12,4342.08984375,^SP500TR
2017-01-13,4350.10986328125,^SP500TR
2017-01-17,4337.2001953125,^SP500TR
2017-01-18,4345.56982421875,^SP500TR
2017-01-19,4329.9599609375,^SP500TR
2017-01-20,4344.669921875,^SP500TR
2017-01-23,4333.10009765625,^SP500TR
2017-01-24,4361.56005859375,^SP500TR
2017-01-25,4396.56982421875,^SP500TR
2017-01-26,4393.43017578125,^SP500TR
2017-01-27,4389.85009765625,^SP500TR
2017-01-30,4363.669921875,^SP500TR
2017-01-31,4359.81005859375,^SP500TR
2017-02-01,4362.10009765625,^SP500TR
2017-02-02,4364.85009765625,^SP500TR
2017-02-03,4396.9501953125,^SP500TR
2017-02-06,4387.669921875,^SP500TR
2017-02-07,4388.8701171875,^SP500TR
2017-02-08,4393.31005859375,^SP500TR
2017-02-09,4419.39990234375,^SP500TR
2017-02-10,4435.419921875,^SP500TR
2017-02-13,4459.830078125,^SP500TR
2017-02-14,4478.97998046875,^SP500TR
2017-02-15,4501.990234375,^SP500TR
2017-02-16,4498.56005859375,^SP500TR
2017-02-17,4506.2001953125,^SP500TR
2017-02-21,4533.4599609375,^SP500TR
2017-02-22,4528.97021484375,^SP500TR
2017-02-23,4531.39013671875,^SP500TR
2017-02-24,4539.25,^SP500TR
2017-02-27,4544.509765625,^SP500TR
2017-02-28,4532.93017578125,^SP500TR
2017-03-01,4595.72998046875,^SP500TR
2017-03-02,4569.169921875,^SP500TR
2017-03-03,4571.60009765625,^SP500TR
2017-03-06,4556.72021484375,^SP500TR
2017-03-07,4543.75,^SP500TR
2017-03-08,4534.68017578125,^SP500TR
2017-03-09,4538.35986328125,^SP500TR
2017-03-10,4553.27978515625,^SP500TR
2017-03-13,4556.43994140625,^SP500TR
2017-03-14,4541.259765625,^SP500TR
2017-03-15,4579.43994140625,^SP500TR
2017-03-16,4572.16015625,^SP500TR
2017-03-17,4566.169921875,^SP500TR
2017-03-20,4557.1201171875,^SP500TR
2017-03-21,4500.97998046875,^SP500TR
2017-03-22,4509.64990234375,^SP500TR
2017-03-23,4504.919921875,^SP500TR
2017-03-24,4501.10986328125,^SP500TR
2017-03-27,4496.52978515625,^SP500TR
2017-03-28,4529.169921875,^SP500TR
2017-03-29,4535.009765625,^SP500TR
2017-03-30,4548.4599609375,^SP500TR
2017-03-31,4538.2099609375,^SP500TR
2017-04-03,4530.97998046875,^SP500TR
2017-04-04,4534.25,^SP500TR
2017-04-05,4520.85986328125,^SP500TR
2017-04-06,4530.93017578125,^SP500TR
2017-04-07,4527.2001953125,^SP500TR
2017-04-10,4530.56982421875,^SP500TR
2017-04-11,4524.7099609375,^SP500TR
2017-04-12,4507.759765625,^SP500TR
2017-04-13,4477.06982421875,^SP500TR
2017-04-17,4515.64990234375,^SP500TR
2017-04-18,4502.66015625,^SP500TR
2017-04-19,4495.56005859375,^SP500TR
2017-04-20,4529.64990234375,^SP500TR
2017-04-21,4515.89990234375,^SP500TR
2017-04-24,4564.93017578125,^SP500TR
2017-04-25,4592.740234375,^SP500TR
2017-04-26,4590.56005859375,^SP500TR
2017-04-27,4593.56982421875,^SP500TR
2017-04-28,4584.81982421875,^SP500TR
2017-05-01,4592.77978515625,^SP500TR
2017-05-02,4598.240234375,^SP500TR
2017-05-03,4593.31982421875,^SP500TR
2017-05-04,4596.240234375,^SP500TR
2017-05-05,4615.08984375,^SP500TR
2017-05-08,4615.72998046875,^SP500TR
2017-05-09,4611.2099609375,^SP500TR
2017-05-10,4618.18994140625,^SP500TR
2017-05-11,4609.68994140625,^SP500TR
2017-05-12,4602.9599609375,^SP500TR
2017-05-15,4625.509765625,^SP500TR
2017-05-16,4623.259765625,^SP500TR
2017-05-17,4540.580078125,^SP500TR
2017-05-18,4557.41015625,^SP500TR
2017-05-19,4588.35009765625,^SP500TR
2017-05-22,4612.1201171875,^SP500TR
2017-05-23,4620.7001953125,^SP500TR
2017-05-24,4632.3701171875,^SP500TR
2017-05-25,4653.58984375,^SP500TR
2017-05-26,4655.64990234375,^SP500TR
2017-05-30,4650.759765625,^SP500TR
2017-05-31,4649.33984375,^SP500TR
2017-06-01,4685.10986328125,^SP500TR
2017-06-02,4702.56005859375,^SP500TR
2017-06-05,4697.0,^SP500TR
2017-06-06,4683.9599609375,^SP500TR
2017-06-07,4692.2900390625,^SP500TR
2017-06-08,4693.669921875,^SP500TR
2017-06-09,4689.7900390625,^SP500TR
2017-06-12,4685.5400390625,^SP500TR
2017-06-13,4707.8798828125,^SP500TR
2017-06-14,4703.52978515625,^SP500TR
2017-06-15,4693.85986328125,^SP500TR
2017-06-16,4695.22998046875,^SP500TR
2017-06-19,4734.47998046875,^SP500TR
2017-06-20,4702.81982421875,^SP500TR
2017-06-21,4700.5,^SP500TR
2017-06-22,4698.39990234375,^SP500TR
2017-06-23,4705.72998046875,^SP500TR
2017-06-26,4707.27001953125,^SP500TR
2017-06-27,4669.27001953125,^SP500TR
2017-06-28,4711.330078125,^SP500TR
2017-06-29,4670.9599609375,^SP500TR
2017-06-30,4678.35986328125,^SP500TR
2017-07-03,4689.60986328125,^SP500TR
2017-07-05,4697.33984375,^SP500TR
2017-07-06,4655.02001953125,^SP500TR
2017-07-07,4684.8798828125,^SP500TR
2017-07-10,4689.25,^SP500TR
2017-07-11,4685.64013671875,^SP500TR
2017-07-12,4720.27978515625,^SP500TR
2017-07-13,4729.25,^SP500TR
2017-07-14,4751.43017578125,^SP500TR
2017-07-17,4751.330078125,^SP500TR
2017-07-18,4754.27001953125,^SP500TR
2017-07-19,4780.25,^SP500TR
2017-07-20,4779.83984375,^SP500TR
2017-07-21,4778.06982421875,^SP500TR
2017-07-24,4773.10009765625,^SP500TR
2017-07-25,4787.0400390625,^SP500TR
2017-07-26,4788.41015625,^SP500TR
2017-07-27,4784.259765625,^SP500TR
2017-07-28,4778.02001953125,^SP500TR
2017-07-31,4774.56005859375,^SP500TR
2017-08-01,4786.27001953125,^SP500TR
2017-08-02,4789.5400390625,^SP500TR
2017-08-03,4779.990234375,^SP500TR
2017-08-04,4789.10986328125,^SP500TR
2017-08-07,4797.1298828125,^SP500TR
2017-08-08,4786.1201171875,^SP500TR
2017-08-09,4784.93994140625,^SP500TR
2017-08-10,4717.39990234375,^SP500TR
2017-08-11,4723.72998046875,^SP500TR
2017-08-14,4771.43017578125,^SP500TR
2017-08-15,4770.14990234375,^SP500TR
2017-08-16,4778.27978515625,^SP500TR
2017-08-17,4704.72998046875,^SP500TR
2017-08-18,4696.22021484375,^SP500TR
2017-08-21,4701.81982421875,^SP500TR
2017-08-22,4748.72998046875,^SP500TR
2017-08-23,4732.759765625,^SP500TR
2017-08-24,4723.02978515625,^SP500TR
2017-08-25,4731.4599609375,^SP500TR
2017-08-28,4733.97021484375,^SP500TR
2017-08-29,4738.6201171875,^SP500TR
2017-08-30,4761.72021484375,^SP500TR
2017-08-31,4789.18017578125,^SP500TR
2017-09-01,4798.990234375,^SP500TR
2017-09-05,4762.75,^SP500TR
2017-09-06,4777.68994140625,^SP500TR
2017-09-07,4777.93017578125,^SP500TR
2017-09-08,4771.02001953125,^SP500TR
2017-09-11,4822.7998046875,^SP500TR
2017-09-12,4839.31005859375,^SP500TR
2017-09-13,4843.0400390625,^SP500TR
2017-09-14,4839.2900390625,^SP500TR
2017-09-15,4848.83984375,^SP500TR
2017-09-18,4856.080078125,^SP500TR
2017-09-19,4861.52001953125,^SP500TR
2017-09-20,4864.60986328125,^SP500TR
2017-09-21,4849.9501953125,^SP500TR
2017-09-22,4853.2001953125,^SP500TR
2017-09-25,4842.41015625,^SP500TR
2017-09-26,4843.14013671875,^SP500TR
2017-09-27,4862.93017578125,^SP500TR
2017-09-28,4869.81005859375,^SP500TR
2017-09-29,4887.97021484375,^SP500TR
2017-10-02,4906.919921875,^SP500TR
2017-10-03,4917.72998046875,^SP500TR
2017-10-04,4924.18994140625,^SP500TR
2017-10-05,4952.85009765625,^SP500TR
2017-10-06,4949.08984375,^SP500TR
2017-10-09,4940.16015625,^SP500TR
2017-10-10,4951.77001953125,^SP500TR
2017-10-11,4960.7900390625,^SP500TR
2017-10-12,4952.85009765625,^SP500TR
2017-10-13,4957.27001953125,^SP500TR
2017-10-16,4966.0498046875,^SP500TR
2017-10-17,4969.3798828125,^SP500TR
2017-10-18,4973.27978515625,^SP500TR
2017-10-19,4975.31982421875,^SP500TR
2017-10-20,5001.10986328125,^SP500TR
2017-10-23,4981.3701171875,^SP500TR
2017-10-24,4989.56005859375,^SP500TR
2017-10-25,4966.2900390625,^SP500TR
2017-10-26,4972.60009765625,^SP500TR
2017-10-27,5012.75,^SP500TR
2017-10-30,4997.14990234375,^SP500TR
2017-10-31,5002.02978515625,^SP500TR
2017-11-01,5009.990234375,^SP500TR
2017-11-02,5011.47998046875,^SP500TR
2017-11-03,5027.490234375,^SP500TR
2017-11-06,5034.2998046875,^SP500TR
2017-11-07,5033.3798828125,^SP500TR
2017-11-08,5040.740234375,^SP500TR
2017-11-09,5023.009765625,^SP500TR
2017-11-10,5020.31005859375,^SP500TR
2017-11-13,5025.35986328125,^SP500TR
2017-11-14,5014.52978515625,^SP500TR
2017-11-15,4987.9599609375,^SP500TR
2017-11-16,5030.47998046875,^SP500TR
2017-11-17,5017.4501953125,^SP500TR
2017-11-20,5024.009765625,^SP500TR
2017-11-21,5056.9501953125,^SP500TR
2017-11-22,5053.60009765625,^SP500TR
2017-11-24,5064.22998046875,^SP500TR
2017-11-27,5062.85009765625,^SP500TR
2017-11-28,5112.91015625,^SP500TR
2017-11-29,5111.68017578125,^SP500TR
2017-11-30,5155.43994140625,^SP500TR
2017-12-01,5145.2099609375,^SP500TR
2017-12-04,5139.91015625,^SP500TR
2017-12-05,5120.919921875,^SP500TR
2017-12-06,5120.4599609375,^SP500TR
2017-12-07,5136.3701171875,^SP500TR
2017-12-08,5165.18994140625,^SP500TR
2017-12-11,5181.75,^SP500TR
2017-12-12,5189.9599609375,^SP500TR
2017-12-13,5187.68017578125,^SP500TR
2017-12-14,5167.4501953125,^SP500TR
2017-12-15,5214.10009765625,^SP500TR
2017-12-18,5242.27978515625,^SP500TR
2017-12-19,5225.43017578125,^SP500TR
2017-12-20,5221.7900390625,^SP500TR
2017-12-21,5232.16015625,^SP500TR
2017-12-22,5229.7900390625,^SP500TR
2017-12-26,5224.509765625,^SP500TR
2017-12-27,5229.009765625,^SP500TR
2017-12-28,5239.58984375,^SP500TR
2017-12-29,5212.759765625,^SP500TR
2018-01-02,5256.27978515625,^SP500TR
2018-01-03,5289.919921875,^SP500TR
2018-01-04,5312.330078125,^SP500TR
2018-01-05,5349.68994140625,^SP500TR
2018-01-08,5358.68017578125,^SP500TR
2018-01-09,5367.259765625,^SP500TR
2018-01-10,5361.330078125,^SP500TR
2018-01-11,5399.4599609375,^SP500TR
2018-01-12,5435.919921875,^SP500TR
2018-01-16,5416.85986328125,^SP500TR
2018-01-17,5467.85009765625,^SP500TR
2018-01-18,5459.5,^SP500TR
2018-01-19,5483.56982421875,^SP500TR
2018-01-22,5527.89013671875,^SP500TR
2018-01-23,5540.1298828125,^SP500TR
2018-01-24,5537.02978515625,^SP500TR
2018-01-25,5540.3798828125,^SP500TR
2018-01-26,5606.080078125,^SP500TR
2018-01-29,5568.669921875,^SP500TR
2018-01-30,5508.35986328125,^SP500TR
2018-01-31,5511.2099609375,^SP500TR
2018-02-01,5508.7001953125,^SP500TR
2018-02-02,5392.2099609375,^SP500TR
2018-02-05,5171.259765625,^SP500TR
2018-02-06,5262.02001953125,^SP500TR
2018-02-07,5235.83984375,^SP500TR
2018-02-08,5040.06005859375,^SP500TR
2018-02-09,5116.990234375,^SP500TR
2018-02-12,5188.3701171875,^SP500TR
2018-02-13,5202.22021484375,^SP500TR
2018-02-14,5273.43017578125,^SP500TR
2018-02-15,5338.35009765625,^SP500TR
2018-02-16,5340.81982421875,^SP500TR
2018-02-20,5309.990234375,^SP500TR
2018-02-21,5280.91015625,^SP500TR
2018-02-22,5286.490234375,^SP500TR
2018-02-23,5371.56005859375,^SP500TR
2018-02-26,5435.3798828125,^SP500TR
2018-02-27,5367.08984375,^SP500TR
2018-02-28,5308.08984375,^SP500TR
2018-03-01,5238.18017578125,^SP500TR
2018-03-02,5265.240234375,^SP500TR
2018-03-05,5323.35986328125,^SP500TR
2018-03-06,5337.68994140625,^SP500TR
2018-03-07,5335.47021484375,^SP500TR
2018-03-08,5360.72998046875,^SP500TR
2018-03-09,5454.02978515625,^SP500TR
2018-03-12,5447.10009765625,^SP500TR
2018-03-13,5412.75,^SP500TR
2018-03-14,5383.27001953125,^SP500TR
2018-03-15,5379.39013671875,^SP500TR
2018-03-16,5388.740234375,^SP500TR
2018-03-19,5312.22998046875,^SP500TR
2018-03-20,5320.2001953125,^SP500TR
2018-03-21,5310.9599609375,^SP500TR
2018-03-22,5177.52001953125,^SP500TR
2018-03-23,5069.02978515625,^SP500TR
2018-03-26,5206.68994140625,^SP500TR
2018-03-27,5116.75,^SP500TR
2018-03-28,5102.68994140625,^SP500TR
2018-03-29,5173.18994140625,^SP500TR
2018-04-02,5057.68994140625,^SP500TR
2018-04-03,5121.7001953125,^SP500TR
2018-04-04,5181.31005859375,^SP500TR
2018-04-05,5217.6201171875,^SP500TR
2018-04-06,5103.35009765625,^SP500TR
2018-04-09,5121.89990234375,^SP500TR
2018-04-10,5207.72998046875,^SP500TR
2018-04-11,5179.18994140625,^SP500TR
2018-04-12,5222.5498046875,^SP500TR
2018-04-13,5207.56982421875,^SP500TR
2018-04-16,5249.93994140625,^SP500TR
2018-04-17,5305.89990234375,^SP500TR
2018-04-18,5310.31982421875,^SP500TR
2018-04-19,5280.56982421875,^SP500TR
2018-04-20,5235.75,^SP500TR
2018-04-23,5236.0400390625,^SP500TR
2018-04-24,5166.10009765625,^SP500TR
2018-04-25,5175.58984375,^SP500TR
2018-04-26,5229.60986328125,^SP500TR
2018-04-27,5235.72998046875,^SP500TR
2018-04-30,5193.0400390625,^SP500TR
2018-05-01,5206.31005859375,^SP500TR
2018-05-02,5168.7900390625,^SP500TR
2018-05-03,5157.7001953125,^SP500TR
2018-05-04,5224.7099609375,^SP500TR
2018-05-07,5242.8701171875,^SP500TR
2018-05-08,5241.52978515625,^SP500TR
2018-05-09,5292.89990234375,^SP500TR
2018-05-10,5343.7001953125,^SP500TR
2018-05-11,5354.68994140625,^SP500TR
2018-05-14,5359.66015625,^SP500TR
2018-05-15,5323.22998046875,^SP500TR
2018-05-16,5346.330078125,^SP500TR
2018-05-17,5343.2900390625,^SP500TR
2018-05-18,5329.66015625,^SP500TR
2018-05-21,5369.18994140625,^SP500TR
2018-05-22,5352.4501953125,^SP500TR
2018-05-23,5369.990234375,^SP500TR
2018-05-24,5359.31982421875,^SP500TR
2018-05-25,5347.31005859375,^SP500TR
2018-05-29,5285.7001953125,^SP500TR
2018-05-30,5353.759765625,^SP500TR
2018-05-31,5318.10009765625,^SP500TR
2018-06-01,5376.2900390625,^SP500TR
2018-06-04,5400.5,^SP500TR
2018-06-05,5404.6201171875,^SP500TR
2018-06-06,5451.08984375,^SP500TR
2018-06-07,5448.18017578125,^SP500TR
2018-06-08,5465.419921875,^SP500TR
2018-06-11,5471.2900390625,^SP500TR
2018-06-12,5481.06982421875,^SP500TR
2018-06-13,5459.2099609375,^SP500TR
2018-06-14,5474.3701171875,^SP500TR
2018-06-15,5469.3701171875,^SP500TR
2018-06-18,5457.830078125,^SP500TR
2018-06-19,5436.1298828125,^SP500TR
2018-06-20,5445.43017578125,^SP500TR
2018-06-21,5411.39990234375,^SP500TR
2018-06-22,5421.6298828125,^SP500TR
2018-06-25,5347.22998046875,^SP500TR
2018-06-26,5359.009765625,^SP500TR
2018-06-27,5312.89013671875,^SP500TR
2018-06-28,5346.43994140625,^SP500TR
2018-06-29,5350.830078125,^SP500TR
2018-07-02,5367.490234375,^SP500TR
2018-07-03,5340.93017578125,^SP500TR
2018-07-05,5388.27978515625,^SP500TR
2018-07-06,5434.35986328125,^SP500TR
2018-07-09,5483.89013671875,^SP500TR
2018-07-10,5503.0498046875,^SP500TR
2018-07-11,5464.009765625,^SP500TR
2018-07-12,5512.35986328125,^SP500TR
2018-07-13,5518.330078125,^SP500TR
2018-07-16,5512.919921875,^SP500TR
2018-07-17,5534.91015625,^SP500TR
2018-07-18,5546.85986328125,^SP500TR
2018-07-19,5525.509765625,^SP500TR
2018-07-20,5520.5,^SP500TR
2018-07-23,5530.66015625,^SP500TR
2018-07-24,5557.3701171875,^SP500TR
2018-07-25,5607.990234375,^SP500TR
2018-07-26,5590.990234375,^SP500TR
2018-07-27,5554.31005859375,^SP500TR
2018-07-30,5522.81005859375,^SP500TR
2018-07-31,5549.9599609375,^SP500TR
2018-08-01,5544.18994140625,^SP500TR
2018-08-02,5572.080078125,^SP500TR
2018-08-03,5598.7099609375,^SP500TR
2018-08-06,5619.0498046875,^SP500TR
2018-08-07,5634.97998046875,^SP500TR
2018-08-08,5633.669921875,^SP500TR
2018-08-09,5627.0,^SP500TR
2018-08-10,5588.66015625,^SP500TR
2018-08-13,5566.35986328125,^SP500TR
2018-08-14,5602.41015625,^SP500TR
2018-08-15,5560.85009765625,^SP500TR
2018-08-16,5606.56005859375,^SP500TR
2018-08-17,5625.66015625,^SP500TR
2018-08-20,5639.52978515625,^SP500TR
2018-08-21,5651.39013671875,^SP500TR
2018-08-22,5649.31005859375,^SP500TR
2018-08-23,5640.10009765625,^SP500TR
2018-08-24,5675.1201171875,^SP500TR
2018-08-27,5719.2998046875,^SP500TR
2018-08-28,5720.89013671875,^SP500TR
2018-08-29,5754.0,^SP500TR
2018-08-30,5729.4501953125,^SP500TR
2018-08-31,5730.7998046875,^SP500TR
2018-09-04,5721.85986328125,^SP500TR
2018-09-05,5705.85986328125,^SP500TR
2018-09-06,5686.7001953125,^SP500TR
2018-09-07,5674.580078125,^SP500TR
2018-09-10,5685.33984375,^SP500TR
2018-09-11,5706.990234375,^SP500TR
2018-09-12,5709.080078125,^SP500TR
2018-09-13,5740.75,^SP500TR
2018-09-14,5743.18994140625,^SP500TR
2018-09-17,5711.2900390625,^SP500TR
2018-09-18,5742.18017578125,^SP500TR
2018-09-19,5749.39013671875,^SP500TR
2018-09-20,5794.72021484375,^SP500TR
2018-09-21,5792.72021484375,^SP500TR
2018-09-24,5772.35986328125,^SP500TR
2018-09-25,5765.25,^SP500TR
2018-09-26,5746.27001953125,^SP500TR
2018-09-27,5763.22021484375,^SP500TR
2018-09-28,5763.419921875,^SP500TR
2018-10-01,5784.4501953125,^SP500TR
2018-10-02,5782.3701171875,^SP500TR
2018-10-03,5786.47998046875,^SP500TR
2018-10-04,5740.56005859375,^SP500TR
2018-10-05,5708.89990234375,^SP500TR
2018-10-08,5706.66015625,^SP500TR
2018-10-09,5700.22998046875,^SP500TR
2018-10-10,5512.93994140625,^SP500TR
2018-10-11,5399.5400390625,^SP500TR
2018-10-12,5476.830078125,^SP500TR
2018-10-15,5444.60986328125,^SP500TR
2018-10-16,5561.7998046875,^SP500TR
2018-10-17,5560.6201171875,^SP500TR
2018-10-18,5481.1298828125,^SP500TR
2018-10-19,5479.2998046875,^SP500TR
2018-10-22,5455.8798828125,^SP500TR
2018-10-23,5426.080078125,^SP500TR
2018-10-24,5258.60986328125,^SP500TR
2018-10-25,5356.5400390625,^SP500TR
2018-10-26,5263.740234375,^SP500TR
2018-10-29,5229.27978515625,^SP500TR
2018-10-30,5311.669921875,^SP500TR
2018-10-31,5369.490234375,^SP500TR
2018-11-01,5426.330078125,^SP500TR
2018-11-02,5392.52978515625,^SP500TR
2018-11-05,5422.8798828125,^SP500TR
2018-11-06,5457.25,^SP500TR
2018-11-07,5573.06005859375,^SP500TR
2018-11-08,5562.0,^SP500TR
2018-11-09,5511.7900390625,^SP500TR
2018-11-12,5403.18994140625,^SP500TR
2018-11-13,5395.3701171875,^SP500TR
2018-11-14,5355.93994140625,^SP500TR
2018-11-15,5414.43017578125,^SP500TR
2018-11-16,5426.85986328125,^SP500TR
2018-11-19,5336.7001953125,^SP500TR
2018-11-20,5240.22998046875,^SP500TR
2018-11-21,5256.60986328125,^SP500TR
2018-11-23,5222.43017578125,^SP500TR
2018-11-26,5304.169921875,^SP500TR
2018-11-27,5321.52001953125,^SP500TR
2018-11-28,5444.1201171875,^SP500TR
2018-11-29,5433.490234375,^SP500TR
2018-11-30,5478.91015625,^SP500TR
2018-12-03,5538.85986328125,^SP500TR
2018-12-04,5359.91015625,^SP500TR
2018-12-06,5353.43017578125,^SP500TR
2018-12-07,5229.43994140625,^SP500TR
2018-12-10,5238.7001953125,^SP500TR
2018-12-11,5237.10009765625,^SP500TR
2018-12-12,5265.52978515625,^SP500TR
2018-12-13,5265.4599609375,^SP500TR
2018-12-14,5165.60009765625,^SP500TR
2018-12-17,5058.580078125,^SP500TR
2018-12-18,5059.33984375,^SP500TR
2018-12-19,4981.919921875,^SP500TR
2018-12-20,4903.4599609375,^SP500TR
2018-12-21,4802.509765625,^SP500TR
2018-12-24,4672.66015625,^SP500TR
2018-12-26,4904.490234375,^SP500TR
2018-12-27,4946.93994140625,^SP500TR
2018-12-28,4941.60986328125,^SP500TR
2018-12-31,4984.22021484375,^SP500TR
2019-01-02,4990.56005859375,^SP500TR
2019-01-03,4868.2998046875,^SP500TR
2019-01-04,5035.4501953125,^SP500TR
2019-01-07,5070.759765625,^SP500TR
2019-01-08,5120.0400390625,^SP500TR
2019-01-09,5142.66015625,^SP500TR
2019-01-10,5165.89013671875,^SP500TR
2019-01-11,5165.14990234375,^SP500TR
2019-01-14,5138.580078125,^SP500TR
2019-01-15,5193.77978515625,^SP500TR
2019-01-16,5205.4501953125,^SP500TR
2019-01-17,5245.47998046875,^SP500TR
2019-01-18,5314.77978515625,^SP500TR
2019-01-22,5239.75,^SP500TR
2019-01-23,5251.2900390625,^SP500TR
2019-01-24,5258.68994140625,^SP500TR
2019-01-25,5303.509765625,^SP500TR
2019-01-28,5261.8798828125,^SP500TR
2019-01-29,5254.31005859375,^SP500TR
2019-01-30,5336.60009765625,^SP500TR
2019-01-31,5383.6298828125,^SP500TR
2019-02-01,5389.18994140625,^SP500TR
2019-02-04,5425.7998046875,^SP500TR
2019-02-05,5451.39990234375,^SP500TR
2019-02-06,5439.7998046875,^SP500TR
2019-02-07,5389.68994140625,^SP500TR
2019-02-08,5395.1201171875,^SP500TR
2019-02-11,5399.0,^SP500TR
2019-02-12,5468.97998046875,^SP500TR
2019-02-13,5485.97021484375,^SP500TR
2019-02-14,5473.330078125,^SP500TR
2019-02-15,5533.27001953125,^SP500TR
2019-02-19,5541.97998046875,^SP500TR
2019-02-20,5552.89990234375,^SP500TR
2019-02-21,5533.7998046875,^SP500TR
2019-02-22,5569.4501953125,^SP500TR
2019-02-25,5577.08984375,^SP500TR
2019-02-26,5572.740234375,^SP500TR
2019-02-27,5570.56982421875,^SP500TR
2019-02-28,5556.490234375,^SP500TR
2019-03-01,5595.10986328125,^SP500TR
2019-03-04,5573.52978515625,^SP500TR
2019-03-05,5567.39990234375,^SP500TR
2019-03-06,5531.33984375,^SP500TR
2019-03-07,5487.56005859375,^SP500TR
2019-03-08,5476.39013671875,^SP500TR
2019-03-11,5556.77001953125,^SP500TR
2019-03-12,5556.77001953125,^SP500TR
2019-03-13,5612.56005859375,^SP500TR
2019-03-14,5609.58984375,^SP500TR
2019-03-15,5637.77001953125,^SP500TR
2019-03-18,5658.72998046875,^SP500TR
2019-03-19,5658.14990234375,^SP500TR
2019-03-20,5641.740234375,^SP500TR
2019-03-21,5703.27978515625,^SP500TR
2019-03-22,5595.5,^SP500TR
2019-03-25,5591.22998046875,^SP500TR
2019-03-26,5631.39013671875,^SP500TR
2019-03-27,5605.31982421875,^SP500TR
2019-03-28,5626.31982421875,^SP500TR
2019-03-29,5664.4599609375,^SP500TR
2019-04-01,5730.0400390625,^SP500TR
2019-04-02,5730.35009765625,^SP500TR
2019-04-03,5742.669921875,^SP500TR
2019-04-04,5755.9599609375,^SP500TR
2019-04-05,5782.7001953125,^SP500TR
2019-04-08,5788.85986328125,^SP500TR
2019-04-09,5755.490234375,^SP500TR
2019-04-10,5775.990234375,^SP500TR
2019-04-11,5776.27978515625,^SP500TR
2019-04-12,5815.0400390625,^SP500TR
2019-04-15,5811.509765625,^SP500TR
2019-04-16,5814.4599609375,^SP500TR
2019-04-17,5801.830078125,^SP500TR
2019-04-18,5811.1298828125,^SP500TR
2019-04-22,5817.16015625,^SP500TR
2019-04-23,5868.8798828125,^SP500TR
2019-04-24,5856.02978515625,^SP500TR
2019-04-25,5853.8701171875,^SP500TR
2019-04-26,5881.47998046875,^SP500TR
2019-04-29,5888.0498046875,^SP500TR
2019-04-30,5893.81005859375,^SP500TR
2019-05-01,5849.64990234375,^SP500TR
2019-05-02,5837.4599609375,^SP500TR
2019-05-03,5894.2998046875,^SP500TR
2019-05-06,5868.4501953125,^SP500TR
2019-05-07,5771.58984375,^SP500TR
2019-05-08,5762.47998046875,^SP500TR
2019-05-09,5747.080078125,^SP500TR
2019-05-10,5770.43994140625,^SP500TR
2019-05-13,5631.41015625,^SP500TR
2019-05-14,5677.2001953125,^SP500TR
2019-05-15,5711.490234375,^SP500TR
2019-05-16,5763.9501953125,^SP500TR
2019-05-17,5730.89013671875,^SP500TR
2019-05-20,5692.2998046875,^SP500TR
2019-05-21,5740.81005859375,^SP500TR
2019-05-22,5724.7099609375,^SP500TR
2019-05-23,5657.10009765625,^SP500TR
2019-05-24,5665.60009765625,^SP500TR
2019-05-28,5618.18017578125,^SP500TR
2019-05-29,5579.509765625,^SP500TR
2019-05-30,5591.97021484375,^SP500TR
2019-05-31,5519.27001953125,^SP500TR
2019-06-03,5504.0498046875,^SP500TR
2019-06-04,5622.31005859375,^SP500TR
2019-06-05,5668.89013671875,^SP500TR
2019-06-06,5705.22021484375,^SP500TR
2019-06-07,5765.66015625,^SP500TR
2019-06-10,5792.56005859375,^SP500TR
2019-06-11,5790.830078125,^SP500TR
2019-06-12,5779.1201171875,^SP500TR
2019-06-13,5804.52978515625,^SP500TR
2019-06-14,5795.9599609375,^SP500TR
2019-06-17,5801.39990234375,^SP500TR
2019-06-18,5857.9501953125,^SP500TR
2019-06-19,5875.4501953125,^SP500TR
2019-06-20,5931.66015625,^SP500TR
2019-06-21,5924.5400390625,^SP500TR
2019-06-24,5914.2900390625,^SP500TR
2019-06-25,5858.1298828125,^SP500TR
2019-06-26,5850.89990234375,^SP500TR
2019-06-27,5874.14990234375,^SP500TR
2019-06-28,5908.25,^SP500TR
2019-07-01,5953.6298828125,^SP500TR
2019-07-02,5971.2900390625,^SP500TR
2019-07-03,5982.89990234375,^SP500TR
2019-07-05,6008.31005859375,^SP500TR
2019-07-08,5979.33984375,^SP500TR
2019-07-09,5988.47998046875,^SP500TR
2019-07-10,6015.56005859375,^SP500TR
2019-07-11,6029.330078125,^SP500TR
2019-07-12,6057.77001953125,^SP500TR
2019-07-15,6058.830078125,^SP500TR
2019-07-16,6038.39990234375,^SP500TR
2019-07-17,5999.0498046875,^SP500TR
2019-07-18,6021.14990234375,^SP500TR
2019-07-19,5984.2001953125,^SP500TR
2019-07-22,6001.27978515625,^SP500TR
2019-07-23,6042.47998046875,^SP500TR
2019-07-24,6071.0498046875,^SP500TR
2019-07-25,6039.1298828125,^SP500TR
2019-07-26,6083.81982421875,^SP500TR
2019-07-29,6074.009765625,^SP500TR
2019-07-30,6058.9599609375,^SP500TR
2019-07-31,5993.169921875,^SP500TR
2019-08-01,5939.830078125,^SP500TR
2019-08-02,5897.10009765625,^SP500TR
2019-08-05,5721.7998046875,^SP500TR
2019-08-06,5796.72021484375,^SP500TR
2019-08-07,5801.31982421875,^SP500TR
2019-08-08,5911.66015625,^SP500TR
2019-08-09,5873.47021484375,^SP500TR
2019-08-12,5802.14013671875,^SP500TR
2019-08-13,5890.16015625,^SP500TR
2019-08-14,5719.2998046875,^SP500TR
2019-08-15,5734.490234375,^SP500TR
2019-08-16,5818.169921875,^SP500TR
2019-08-19,5888.93017578125,^SP500TR
2019-08-20,5842.759765625,^SP500TR
2019-08-21,5891.18994140625,^SP500TR
2019-08-22,5888.3701171875,^SP500TR
2019-08-23,5735.6298828125,^SP500TR
2019-08-26,5799.33984375,^SP500TR
2019-08-27,5780.7900390625,^SP500TR
2019-08-28,5818.83984375,^SP500TR
2019-08-29,5893.64990234375,^SP500TR
2019-08-30,5898.22998046875,^SP500TR
2019-09-03,5857.9501953125,^SP500TR
2019-09-04,5921.9599609375,^SP500TR
2019-09-05,6000.3798828125,^SP500TR
2019-09-06,6006.06982421875,^SP500TR
2019-09-09,6005.990234375,^SP500TR
2019-09-10,6008.1201171875,^SP500TR
2019-09-11,6051.8701171875,^SP500TR
2019-09-12,6070.22998046875,^SP500TR
2019-09-13,6067.5,^SP500TR
2019-09-16,6048.669921875,^SP500TR
2019-09-17,6064.31005859375,^SP500TR
2019-09-18,6066.419921875,^SP500TR
2019-09-19,6066.89990234375,^SP500TR
2019-09-20,6037.5,^SP500TR
2019-09-23,6036.89990234375,^SP500TR
2019-09-24,5986.580078125,^SP500TR
2019-09-25,6023.4599609375,^SP500TR
2019-09-26,6009.18994140625,^SP500TR
2019-09-27,5978.10986328125,^SP500TR
2019-09-30,6008.58984375,^SP500TR
2019-10-01,5935.2001953125,^SP500TR
2019-10-02,5828.93017578125,^SP500TR
2019-10-03,5876.85986328125,^SP500TR
2019-10-04,5960.43017578125,^SP500TR
2019-10-07,5933.759765625,^SP500TR
2019-10-08,5841.56982421875,^SP500TR
2019-10-09,5896.60009765625,^SP500TR
2019-10-10,5934.56005859375,^SP500TR
2019-10-11,6000.0400390625,^SP500TR
2019-10-14,5991.72021484375,^SP500TR
2019-10-15,6051.39013671875,^SP500TR
2019-10-16,6039.68994140625,^SP500TR
2019-10-17,6056.83984375,^SP500TR
2019-10-18,6033.259765625,^SP500TR
2019-10-21,6074.89990234375,^SP500TR
2019-10-22,6053.419921875,^SP500TR
2019-10-23,6070.8701171875,^SP500TR
2019-10-24,6082.5400390625,^SP500TR
2019-10-25,6107.419921875,^SP500TR
2019-10-28,6141.509765625,^SP500TR
2019-10-29,6136.47021484375,^SP500TR
2019-10-30,6156.93017578125,^SP500TR
2019-10-31,6138.72998046875,^SP500TR
2019-11-01,6198.58984375,^SP500TR
2019-11-04,6221.6298828125,^SP500TR
2019-11-05,6214.27978515625,^SP500TR
2019-11-06,6219.10009765625,^SP500TR
2019-11-07,6238.990234375,^SP500TR
2019-11-08,6256.10986328125,^SP500TR
2019-11-11,6243.81005859375,^SP500TR
2019-11-12,6253.91015625,^SP500TR
2019-11-13,6258.580078125,^SP500TR
2019-11-14,6265.419921875,^SP500TR
2019-11-15,6314.740234375,^SP500TR
2019-11-18,6318.02001953125,^SP500TR
2019-11-19,6314.66015625,^SP500TR
2019-11-20,6292.169921875,^SP500TR
2019-11-21,6282.58984375,^SP500TR
2019-11-22,6296.33984375,^SP500TR
2019-11-25,6344.35986328125,^SP500TR
2019-11-26,6358.4599609375,^SP500TR
2019-11-27,6385.759765625,^SP500TR
2019-11-29,6361.56005859375,^SP500TR
2019-12-02,6306.8798828125,^SP500TR
2019-12-03,6265.22021484375,^SP500TR
2019-12-04,6305.490234375,^SP500TR
2019-12-05,6316.68994140625,^SP500TR
2019-12-06,6374.7001953125,^SP500TR
2019-12-09,6355.06982421875,^SP500TR
2019-12-10,6348.31005859375,^SP500TR
2019-12-11,6366.83984375,^SP500TR
2019-12-12,6422.35009765625,^SP500TR
2019-12-13,6423.93017578125,^SP500TR
2019-12-16,6470.02978515625,^SP500TR
2019-12-17,6472.240234375,^SP500TR
2019-12-18,6470.0,^SP500TR
2019-12-19,6499.259765625,^SP500TR
2019-12-20,6531.75,^SP500TR
2019-12-23,6537.39990234375,^SP500TR
2019-12-24,6536.580078125,^SP500TR
2019-12-26,6570.7099609375,^SP500TR
2019-12-27,6571.02978515625,^SP500TR
2019-12-30,6533.91015625,^SP500TR
2019-12-31,6553.56982421875,^SP500TR
2020-01-02,6609.2900390625,^SP500TR
2020-01-03,6563.31982421875,^SP500TR
2020-01-06,6586.5400390625,^SP500TR
2020-01-07,6568.740234375,^SP500TR
2020-01-08,6601.14990234375,^SP500TR
2020-01-09,6646.83984375,^SP500TR
2020-01-10,6627.8701171875,^SP500TR
2020-01-13,6674.1298828125,^SP500TR
2020-01-14,6664.66015625,^SP500TR
2020-01-15,6677.25,^SP500TR
2020-01-16,6733.35009765625,^SP500TR
2020-01-17,6759.509765625,^SP500TR
2020-01-21,6741.7099609375,^SP500TR
2020-01-22,6743.89990234375,^SP500TR
2020-01-23,6752.08984375,^SP500TR
2020-01-24,6691.22021484375,^SP500TR
2020-01-27,6585.9501953125,^SP500TR
2020-01-28,6652.2998046875,^SP500TR
2020-01-29,6646.68994140625,^SP500TR
2020-01-30,6668.52001953125,^SP500TR
2020-01-31,6551.0,^SP500TR
2020-02-03,6598.6298828125,^SP500TR
2020-02-04,6697.490234375,^SP500TR
2020-02-05,6772.97998046875,^SP500TR
2020-02-06,6796.64013671875,^SP500TR
2020-02-07,6761.259765625,^SP500TR
2020-02-10,6811.830078125,^SP500TR
2020-02-11,6823.58984375,^SP500TR
2020-02-12,6867.919921875,^SP500TR
2020-02-13,6858.919921875,^SP500TR
2020-02-14,6872.68017578125,^SP500TR
2020-02-18,6853.0400390625,^SP500TR
2020-02-19,6886.47021484375,^SP500TR
2020-02-20,6860.52001953125,^SP500TR
2020-02-21,6788.60009765625,^SP500TR
2020-02-24,6561.93994140625,^SP500TR
2020-02-25,6363.3701171875,^SP500TR
2020-02-26,6339.3798828125,^SP500TR
2020-02-27,6060.669921875,^SP500TR
2020-02-28,6011.72998046875,^SP500TR
2020-03-02,6288.64013671875,^SP500TR
2020-03-03,6112.06982421875,^SP500TR
2020-03-04,6370.35009765625,^SP500TR
2020-03-05,6155.580078125,^SP500TR
2020-03-06,6050.7998046875,^SP500TR
2020-03-09,5591.740234375,^SP500TR
2020-03-10,5868.10986328125,^SP500TR
2020-03-11,5581.759765625,^SP500TR
2020-03-12,5051.97021484375,^SP500TR
2020-03-13,5522.85009765625,^SP500TR
2020-03-16,4861.22021484375,^SP500TR
2020-03-17,5152.830078125,^SP500TR
2020-03-18,4885.77978515625,^SP500TR
2020-03-19,4909.1298828125,^SP500TR
2020-03-20,4697.08984375,^SP500TR
2020-03-23,4559.5,^SP500TR
2020-03-24,4987.7998046875,^SP500TR
2020-03-25,5045.35009765625,^SP500TR
2020-03-26,5360.490234375,^SP500TR
2020-03-27,5179.919921875,^SP500TR
2020-03-30,5354.39013671875,^SP500TR
2020-03-31,5269.2001953125,^SP500TR
2020-04-01,5036.64013671875,^SP500TR
2020-04-02,5152.47021484375,^SP500TR
2020-04-03,5075.16015625,^SP500TR
2020-04-06,5432.169921875,^SP500TR
2020-04-07,5423.52001953125,^SP500TR
2020-04-08,5609.5498046875,^SP500TR
2020-04-09,5691.5400390625,^SP500TR
2020-04-13,5634.14990234375,^SP500TR
2020-04-14,5807.10009765625,^SP500TR
2020-04-15,5679.52978515625,^SP500TR
2020-04-16,5712.60009765625,^SP500TR
2020-04-17,5865.89990234375,^SP500TR
2020-04-20,5761.0,^SP500TR
2020-04-21,5584.43994140625,^SP500TR
2020-04-22,5712.64990234375,^SP500TR
2020-04-23,5710.0400390625,^SP500TR
2020-04-24,5789.64990234375,^SP500TR
2020-04-27,5874.93994140625,^SP500TR
2020-04-28,5844.18017578125,^SP500TR
2020-04-29,5999.740234375,^SP500TR
2020-04-30,5944.68017578125,^SP500TR
2020-05-01,5778.52978515625,^SP500TR
2020-05-04,5803.1201171875,^SP500TR
2020-05-05,5855.580078125,^SP500TR
2020-05-06,5815.169921875,^SP500TR
2020-05-07,5884.14013671875,^SP500TR
2020-05-08,5984.5498046875,^SP500TR
2020-05-11,5985.66015625,^SP500TR
2020-05-12,5863.68017578125,^SP500TR
2020-05-13,5761.7001953125,^SP500TR
2020-05-14,5829.330078125,^SP500TR
2020-05-15,5852.83984375,^SP500TR
2020-05-18,6037.89990234375,^SP500TR
2020-05-19,5975.14990234375,^SP500TR
2020-05-20,6075.759765625,^SP500TR
2020-05-21,6028.93017578125,^SP500TR
2020-05-22,6044.16015625,^SP500TR
2020-05-26,6118.5400390625,^SP500TR
2020-05-27,6209.3798828125,^SP500TR
2020-05-28,6197.02001953125,^SP500TR
2020-05-29,6227.81005859375,^SP500TR
2020-06-01,6251.47998046875,^SP500TR
2020-06-02,6303.0,^SP500TR
2020-06-03,6389.669921875,^SP500TR
2020-06-04,6369.5400390625,^SP500TR
2020-06-05,6536.580078125,^SP500TR
2020-06-08,6615.39990234375,^SP500TR
2020-06-09,6564.27001953125,^SP500TR
2020-06-10,6529.419921875,^SP500TR
2020-06-11,6145.2998046875,^SP500TR
2020-06-12,6227.419921875,^SP500TR
2020-06-15,6279.39990234375,^SP500TR
2020-06-16,6398.580078125,^SP500TR
2020-06-17,6375.5400390625,^SP500TR
2020-06-18,6379.56005859375,^SP500TR
2020-06-19,6344.7001953125,^SP500TR
2020-06-22,6385.91015625,^SP500TR
2020-06-23,6413.43994140625,^SP500TR
2020-06-24,6247.66015625,^SP500TR
2020-06-25,6316.4501953125,^SP500TR
2020-06-26,6163.5,^SP500TR
2020-06-29,6254.77978515625,^SP500TR
2020-06-30,6351.669921875,^SP500TR
2020-07-01,6383.759765625,^SP500TR
2020-07-02,6414.16015625,^SP500TR
2020-07-06,6516.0498046875,^SP500TR
2020-07-07,6445.58984375,^SP500TR
2020-07-08,6496.14013671875,^SP500TR
2020-07-09,6461.31005859375,^SP500TR
2020-07-10,6528.9599609375,^SP500TR
2020-07-13,6467.83984375,^SP500TR
2020-07-14,6555.39990234375,^SP500TR
2020-07-15,6615.06982421875,^SP500TR
2020-07-16,6592.75,^SP500TR
2020-07-17,6611.85986328125,^SP500TR
2020-07-20,6667.4501953125,^SP500TR
2020-07-21,6678.740234375,^SP500TR
2020-07-22,6717.2900390625,^SP500TR
2020-07-23,6635.0400390625,^SP500TR
2020-07-24,6594.10009765625,^SP500TR
2020-07-27,6642.89013671875,^SP500TR
2020-07-28,6599.97021484375,^SP500TR
2020-07-29,6682.009765625,^SP500TR
2020-07-30,6658.02001953125,^SP500TR
2020-07-31,6709.81005859375,^SP500TR
2020-08-03,6758.2001953125,^SP500TR
2020-08-04,6782.60009765625,^SP500TR
2020-08-05,6826.22021484375,^SP500TR
2020-08-06,6870.85986328125,^SP500TR
2020-08-07,6876.64990234375,^SP500TR
2020-08-10,6895.58984375,^SP500TR
2020-08-11,6840.669921875,^SP500TR
2020-08-12,6937.43994140625,^SP500TR
2020-08-13,6924.9599609375,^SP500TR
2020-08-14,6924.27978515625,^SP500TR
2020-08-17,6943.22021484375,^SP500TR
2020-08-18,6960.2998046875,^SP500TR
2020-08-19,6930.7998046875,^SP500TR
2020-08-20,6952.919921875,^SP500TR
2020-08-21,6977.27001953125,^SP500TR
2020-08-24,7048.169921875,^SP500TR
2020-08-25,7073.60009765625,^SP500TR
2020-08-26,7145.77001953125,^SP500TR
2020-08-27,7158.18017578125,^SP500TR
2020-08-28,7207.10009765625,^SP500TR
2020-08-31,7192.10986328125,^SP500TR
2020-09-01,7246.3701171875,^SP500TR
2020-09-02,7358.490234375,^SP500TR
2020-09-03,7101.3798828125,^SP500TR
2020-09-04,7043.6201171875,^SP500TR
2020-09-08,6848.419921875,^SP500TR
2020-09-09,6986.759765625,^SP500TR
2020-09-10,6864.22998046875,^SP500TR
2020-09-11,6868.22021484375,^SP500TR
2020-09-14,6957.91015625,^SP500TR
2020-09-15,6994.330078125,^SP500TR
2020-09-16,6962.2900390625,^SP500TR
2020-09-17,6903.81982421875,^SP500TR
2020-09-18,6826.72021484375,^SP500TR
2020-09-21,6748.080078125,^SP500TR
2020-09-22,6819.080078125,^SP500TR
2020-09-23,6657.81982421875,^SP500TR
2020-09-24,6678.0400390625,^SP500TR
2020-09-25,6784.9501953125,^SP500TR
2020-09-28,6894.27001953125,^SP500TR
2020-09-29,6861.9599609375,^SP500TR
2020-09-30,6918.830078125,^SP500TR
2020-10-01,6956.2001953125,^SP500TR
2020-10-02,6889.60009765625,^SP500TR
2020-10-05,7014.169921875,^SP500TR
2020-10-06,6916.43017578125,^SP500TR
2020-10-07,7036.89013671875,^SP500TR
2020-10-08,7095.39990234375,^SP500TR
2020-10-09,7157.93994140625,^SP500TR
2020-10-12,7275.43017578125,^SP500TR
2020-10-13,7229.5498046875,^SP500TR
2020-10-14,7182.3798828125,^SP500TR
2020-10-15,7171.60986328125,^SP500TR
2020-10-16,7172.7001953125,^SP500TR
2020-10-19,7055.580078125,^SP500TR
2020-10-20,7089.06005859375,^SP500TR
2020-10-21,7073.64990234375,^SP500TR
2020-10-22,7111.169921875,^SP500TR
2020-10-23,7135.81005859375,^SP500TR
2020-10-26,7003.2099609375,^SP500TR
2020-10-27,6982.14013671875,^SP500TR
2020-10-28,6735.75,^SP500TR
2020-10-29,6816.7900390625,^SP500TR
2020-10-30,6734.83984375,^SP500TR
2020-11-02,6817.89013671875,^SP500TR
2020-11-03,6939.2998046875,^SP500TR
2020-11-04,7092.2998046875,^SP500TR
2020-11-05,7231.669921875,^SP500TR
2020-11-06,7230.509765625,^SP500TR
2020-11-09,7315.77001953125,^SP500TR
2020-11-10,7306.75,^SP500TR
2020-11-11,7362.64990234375,^SP500TR
2020-11-12,7290.68994140625,^SP500TR
2020-11-13,7390.60986328125,^SP500TR
2020-11-16,7476.7900390625,^SP500TR
2020-11-17,7442.0400390625,^SP500TR
2020-11-18,7357.33984375,^SP500TR
2020-11-19,7386.85986328125,^SP500TR
2020-11-20,7336.759765625,^SP500TR
2020-11-23,7378.93994140625,^SP500TR
2020-11-24,7498.2900390625,^SP500TR
2020-11-25,7486.68017578125,^SP500TR
2020-11-27,7505.3798828125,^SP500TR
2020-11-30,7472.06005859375,^SP500TR
2020-12-01,7556.509765625,^SP500TR
2020-12-02,7570.759765625,^SP500TR
2020-12-03,7567.43994140625,^SP500TR
2020-12-04,7634.77001953125,^SP500TR
2020-12-07,7620.0,^SP500TR
2020-12-08,7641.43017578125,^SP500TR
2020-12-09,7581.06005859375,^SP500TR
2020-12-10,7571.8701171875,^SP500TR
2020-12-11,7562.4599609375,^SP500TR
2020-12-14,7530.8701171875,^SP500TR
2020-12-15,7628.27978515625,^SP500TR
2020-12-16,7641.81982421875,^SP500TR
2020-12-17,7686.18017578125,^SP500TR
2020-12-18,7659.75,^SP500TR
2020-12-21,7630.06982421875,^SP500TR
2020-12-22,7614.830078125,^SP500TR
2020-12-23,7620.6298828125,^SP500TR
2020-12-24,7648.39013671875,^SP500TR
2020-12-28,7715.10009765625,^SP500TR
2020-12-29,7697.93017578125,^SP500TR
2020-12-30,7709.10009765625,^SP500TR
2020-12-31,7759.35009765625,^SP500TR
2021-01-04,7645.27001953125,^SP500TR
2021-01-05,7700.33984375,^SP500TR
2021-01-06,7744.43017578125,^SP500TR
2021-01-07,7861.10009765625,^SP500TR
2021-01-08,7905.27978515625,^SP500TR
2021-01-11,7853.4501953125,^SP500TR
2021-01-12,7856.72021484375,^SP500TR
2021-01-13,7874.75,^SP500TR
2021-01-14,7846.10009765625,^SP500TR
2021-01-15,7789.7900390625,^SP500TR
2021-01-19,7853.47021484375,^SP500TR
2021-01-20,7962.919921875,^SP500TR
2021-01-21,7966.10986328125,^SP500TR
2021-01-22,7942.2001953125,^SP500TR
2021-01-25,7970.919921875,^SP500TR
2021-01-26,7959.10009765625,^SP500TR
2021-01-27,7754.740234375,^SP500TR
2021-01-28,7831.22021484375,^SP500TR
2021-01-29,7681.009765625,^SP500TR
2021-02-01,7804.31005859375,^SP500TR
2021-02-02,7912.8701171875,^SP500TR
2021-02-03,7920.85009765625,^SP500TR
2021-02-04,8007.6201171875,^SP500TR
2021-02-05,8039.669921875,^SP500TR
2021-02-08,8099.330078125,^SP500TR
2021-02-09,8091.7001953125,^SP500TR
2021-02-10,8089.10986328125,^SP500TR
2021-02-11,8104.18994140625,^SP500TR
2021-02-12,8142.7900390625,^SP500TR
2021-02-16,8139.16015625,^SP500TR
2021-02-17,8137.8798828125,^SP500TR
2021-02-18,8102.240234375,^SP500TR
2021-02-19,8087.68017578125,^SP500TR
2021-02-22,8025.81005859375,^SP500TR
2021-02-23,8036.06005859375,^SP500TR
2021-02-24,8127.3798828125,^SP500TR
2021-02-25,7929.56005859375,^SP500TR
2021-02-26,7892.81005859375,^SP500TR
2021-03-01,8080.77978515625,^SP500TR
2021-03-02,8015.5400390625,^SP500TR
2021-03-03,7911.2099609375,^SP500TR
2021-03-04,7806.4501953125,^SP500TR
2021-03-05,7958.97998046875,^SP500TR
2021-03-08,7916.41015625,^SP500TR
2021-03-09,8029.2001953125,^SP500TR
2021-03-10,8078.0498046875,^SP500TR
2021-03-11,8162.580078125,^SP500TR
2021-03-12,8172.89990234375,^SP500TR
2021-03-15,8226.3203125,^SP500TR
2021-03-16,8213.6298828125,^SP500TR
2021-03-17,8237.349609375,^SP500TR
2021-03-18,8116.169921875,^SP500TR
2021-03-19,8112.1298828125,^SP500TR
2021-03-22,8169.14013671875,^SP500TR
2021-03-23,8106.830078125,^SP500TR
2021-03-24,8063.0,^SP500TR
2021-03-25,8105.509765625,^SP500TR
2021-03-26,8240.3798828125,^SP500TR
2021-03-29,8233.240234375,^SP500TR
2021-03-30,8208.099609375,^SP500TR
2021-03-31,8238.48046875,^SP500TR
2021-04-01,8335.91015625,^SP500TR
2021-04-05,8457.400390625,^SP500TR
2021-04-06,8449.5400390625,^SP500TR
2021-04-07,8462.1796875,^SP500TR
2021-04-08,8499.849609375,^SP500TR
2021-04-09,8565.5703125,^SP500TR
2021-04-12,8564.0302734375,^SP500TR
2021-04-13,8592.25,^SP500TR
2021-04-14,8558.16015625,^SP500TR
2021-04-15,8653.2900390625,^SP500TR
2021-04-16,8684.509765625,^SP500TR
2021-04-19,8638.419921875,^SP500TR
2021-04-20,8579.9501953125,^SP500TR
2021-04-21,8659.7998046875,^SP500TR
2021-04-22,8580.73046875,^SP500TR
2021-04-23,8674.7998046875,^SP500TR
2021-04-26,8690.259765625,^SP500TR
2021-04-27,8688.4501953125,^SP500TR
2021-04-28,8681.169921875,^SP500TR
2021-04-29,8740.349609375,^SP500TR
2021-04-30,8678.16015625,^SP500TR
2021-05-03,8702.01953125,^SP500TR
2021-05-04,8643.91015625,^SP500TR
2021-05-05,8650.0400390625,^SP500TR
2021-05-06,8722.0400390625,^SP500TR
2021-05-07,8787.8203125,^SP500TR
2021-05-10,8696.2900390625,^SP500TR
2021-05-11,8620.98046875,^SP500TR
2021-05-12,8437.240234375,^SP500TR
2021-05-13,8541.3896484375,^SP500TR
2021-05-14,8669.490234375,^SP500TR
2021-05-17,8647.5703125,^SP500TR
2021-05-18,8574.98046875,^SP500TR
2021-05-19,8550.9501953125,^SP500TR
2021-05-20,8641.98046875,^SP500TR
2021-05-21,8635.5498046875,^SP500TR
2021-05-24,8722.0,^SP500TR
2021-05-25,8703.58984375,^SP500TR
2021-05-26,8720.0400390625,^SP500TR
2021-05-27,8730.9697265625,^SP500TR
2021-05-28,8738.76953125,^SP500TR
2021-06-01,8734.740234375,^SP500TR
2021-06-02,8748.2998046875,^SP500TR
2021-06-03,8717.9697265625,^SP500TR
2021-06-04,8795.080078125,^SP500TR
2021-06-07,8788.2802734375,^SP500TR
2021-06-08,8790.0,^SP500TR
2021-06-09,8774.3095703125,^SP500TR
2021-06-10,8815.5595703125,^SP500TR
2021-06-11,8832.9404296875,^SP500TR
2021-06-14,8851.169921875,^SP500TR
2021-06-15,8833.6796875,^SP500TR
2021-06-16,8786.1796875,^SP500TR
2021-06-17,8782.580078125,^SP500TR
2021-06-18,8667.759765625,^SP500TR
2021-06-21,8789.51953125,^SP500TR
2021-06-22,8834.5595703125,^SP500TR
2021-06-23,8825.009765625,^SP500TR
2021-06-24,8877.0595703125,^SP500TR
2021-06-25,8906.7900390625,^SP500TR
2021-06-28,8927.400390625,^SP500TR
2021-06-29,8930.669921875,^SP500TR
2021-06-30,8942.7802734375,^SP500TR
2021-07-01,8990.080078125,^SP500TR
2021-07-02,9058.66015625,^SP500TR
2021-07-06,9040.759765625,^SP500TR
2021-07-07,9071.1396484375,^SP500TR
2021-07-08,8995.259765625,^SP500TR
2021-07-09,9096.83984375,^SP500TR
2021-07-12,9128.2197265625,^SP500TR
2021-07-13,9096.150390625,^SP500TR
2021-07-14,9107.849609375,^SP500TR
2021-07-15,9078.330078125,^SP500TR
2021-07-16,9009.8896484375,^SP500TR
2021-07-19,8867.0703125,^SP500TR
2021-07-20,9001.76953125,^SP500TR
2021-07-21,9075.9697265625,^SP500TR
2021-07-22,9094.9501953125,^SP500TR
2021-07-23,9187.6396484375,^SP500TR
2021-07-26,9209.6298828125,^SP500TR
2021-07-27,9166.26953125,^SP500TR
2021-07-28,9164.6201171875,^SP500TR
2021-07-29,9204.25,^SP500TR
2021-07-30,9155.2099609375,^SP500TR
2021-08-02,9138.3603515625,^SP500TR
2021-08-03,9213.349609375,^SP500TR
2021-08-04,9170.759765625,^SP500TR
2021-08-05,9226.490234375,^SP500TR
2021-08-06,9243.0302734375,^SP500TR
2021-08-09,9235.0498046875,^SP500TR
2021-08-10,9244.2197265625,^SP500TR
2021-08-11,9267.400390625,^SP500TR
2021-08-12,9297.2001953125,^SP500TR
2021-08-13,9312.509765625,^SP500TR
2021-08-16,9337.1796875,^SP500TR
2021-08-17,9271.830078125,^SP500TR
2021-08-18,9173.9296875,^SP500TR
2021-08-19,9186.0703125,^SP500TR
2021-08-20,9261.3095703125,^SP500TR
2021-08-23,9341.08984375,^SP500TR
2021-08-24,9355.1103515625,^SP500TR
2021-08-25,9376.0,^SP500TR
2021-08-26,9321.740234375,^SP500TR
2021-08-27,9404.150390625,^SP500TR
2021-08-30,9445.240234375,^SP500TR
2021-08-31,9433.580078125,^SP500TR
2021-09-01,9437.150390625,^SP500TR
2021-09-02,9465.4697265625,^SP500TR
2021-09-03,9462.5400390625,^SP500TR
2021-09-07,9430.6796875,^SP500TR
2021-09-08,9418.5703125,^SP500TR
2021-09-09,9375.990234375,^SP500TR
2021-09-10,9304.0302734375,^SP500TR
2021-09-13,9325.2900390625,^SP500TR
2021-09-14,9273.990234375,^SP500TR
2021-09-15,9352.830078125,^SP500TR
2021-09-16,9338.6103515625,^SP500TR
2021-09-17,9253.5703125,^SP500TR
2021-09-20,9096.51953125,^SP500TR
2021-09-21,9089.5498046875,^SP500TR
2021-09-22,9176.080078125,^SP500TR
2021-09-23,9287.7998046875,^SP500TR
2021-09-24,9301.490234375,^SP500TR
2021-09-27,9275.8701171875,^SP500TR
2021-09-28,9087.4697265625,^SP500TR
2021-09-29,9102.6201171875,^SP500TR
2021-09-30,8994.830078125,^SP500TR
2021-10-01,9098.25,^SP500TR
2021-10-04,8980.6396484375,^SP500TR
2021-10-05,9076.1904296875,^SP500TR
2021-10-06,9113.4501953125,^SP500TR
2021-10-07,9191.1904296875,^SP500TR
2021-10-08,9173.740234375,^SP500TR
2021-10-11,9110.759765625,^SP500TR
2021-10-12,9088.73046875,^SP500TR
2021-10-13,9116.3896484375,^SP500TR
2021-10-14,9272.9697265625,^SP500TR
2021-10-15,9342.150390625,^SP500TR
2021-10-18,9373.6796875,^SP500TR
2021-10-19,9443.1201171875,^SP500TR
2021-10-20,9477.8203125,^SP500TR
2021-10-21,9506.91015625,^SP500TR
2021-10-22,9496.8603515625,^SP500TR
2021-10-25,9541.990234375,^SP500TR
2021-10-26,9559.3896484375,^SP500TR
2021-10-27,9511.26953125,^SP500TR
2021-10-28,9605.23046875,^SP500TR
2021-10-29,9625.01953125,^SP500TR
2021-11-01,9642.4404296875,^SP500TR
2021-11-02,9677.9501953125,^SP500TR
2021-11-03,9740.4697265625,^SP500TR
2021-11-04,9782.48046875,^SP500TR
2021-11-05,9819.98046875,^SP500TR
2021-11-08,9828.8095703125,^SP500TR
2021-11-09,9795.1201171875,^SP500TR
2021-11-10,9716.7197265625,^SP500TR
2021-11-11,9722.080078125,^SP500TR
2021-11-12,9793.2197265625,^SP500TR
2021-11-15,9793.5302734375,^SP500TR
2021-11-16,9831.91015625,^SP500TR
2021-11-17,9808.26953125,^SP500TR
2021-11-18,9842.349609375,^SP500TR
2021-11-19,9828.7998046875,^SP500TR
2021-11-22,9798.2900390625,^SP500TR
2021-11-23,9814.650390625,^SP500TR
2021-11-24,9837.599609375,^SP500TR
2021-11-26,9614.25,^SP500TR
2021-11-29,9741.7802734375,^SP500TR
2021-11-30,9558.330078125,^SP500TR
2021-12-01,9446.2099609375,^SP500TR
2021-12-02,9581.7900390625,^SP500TR
2021-12-03,9501.2802734375,^SP500TR
2021-12-06,9613.01953125,^SP500TR
2021-12-07,9812.2001953125,^SP500TR
2021-12-08,9842.6796875,^SP500TR
2021-12-09,9773.1904296875,^SP500TR
2021-12-10,9866.6201171875,^SP500TR
2021-12-13,9776.6904296875,^SP500TR
2021-12-14,9705.0595703125,^SP500TR
2021-12-15,9863.919921875,^SP500TR
2021-12-16,9778.08984375,^SP500TR
2021-12-17,9678.0302734375,^SP500TR
2021-12-20,9567.91015625,^SP500TR
2021-12-21,9738.73046875,^SP500TR
2021-12-22,9838.900390625,^SP500TR
2021-12-23,9900.2998046875,^SP500TR
2021-12-27,10037.669921875,^SP500TR
2021-12-28,10027.5302734375,^SP500TR
2021-12-29,10041.6103515625,^SP500TR
2021-12-30,10012.509765625,^SP500TR
2021-12-31,9986.7001953125,^SP500TR
2022-01-03,10050.41015625,^SP500TR
2022-01-04,10044.75,^SP500TR
2022-01-05,9850.7001953125,^SP500TR
2022-01-06,9841.919921875,^SP500TR
2022-01-07,9803.849609375,^SP500TR
2022-01-10,9789.7197265625,^SP500TR
2022-01-11,9879.3896484375,^SP500TR
2022-01-12,9907.3798828125,^SP500TR
2022-01-13,9767.349609375,^SP500TR
2022-01-14,9775.5302734375,^SP500TR
2022-01-18,9595.9296875,^SP500TR
2022-01-19,9503.1396484375,^SP500TR
2022-01-20,9398.9599609375,^SP500TR
2022-01-21,9221.2802734375,^SP500TR
2022-01-24,9246.83984375,^SP500TR
2022-01-25,9134.330078125,^SP500TR
2022-01-26,9120.75,^SP500TR
2022-01-27,9072.240234375,^SP500TR
2022-01-28,9294.2099609375,^SP500TR
2022-01-31,9469.919921875,^SP500TR
2022-02-01,9534.9501953125,^SP500TR
2022-02-02,9624.8896484375,^SP500TR
2022-02-03,9390.5703125,^SP500TR
2022-02-04,9440.580078125,^SP500TR
2022-02-07,9405.83984375,^SP500TR
2022-02-08,9484.9501953125,^SP500TR
2022-02-09,9623.83984375,^SP500TR
2022-02-10,9450.7197265625,^SP500TR
2022-02-11,9271.7998046875,^SP500TR
2022-02-14,9236.8603515625,^SP500TR
2022-02-15,9383.5703125,^SP500TR
2022-02-16,9393.08984375,^SP500TR
2022-02-17,9195.349609375,^SP500TR
2022-02-18,9130.8095703125,^SP500TR
2022-02-22,9038.3203125,^SP500TR
2022-02-23,8871.9501953125,^SP500TR
2022-02-24,9005.3701171875,^SP500TR
2022-02-25,9207.849609375,^SP500TR
2022-02-28,9186.3701171875,^SP500TR
2022-03-01,9044.4697265625,^SP500TR
2022-03-02,9213.3896484375,^SP500TR
2022-03-03,9166.1298828125,^SP500TR
2022-03-04,9094.0400390625,^SP500TR
2022-03-07,8825.7197265625,^SP500TR
2022-03-08,8762.1103515625,^SP500TR
2022-03-09,8988.650390625,^SP500TR
2022-03-10,8950.900390625,^SP500TR
2022-03-11,8835.400390625,^SP500TR
2022-03-14,8771.75,^SP500TR
2022-03-15,8959.740234375,^SP500TR
2022-03-16,9160.509765625,^SP500TR
2022-03-17,9274.169921875,^SP500TR
2022-03-18,9382.4296875,^SP500TR
2022-03-21,9378.83984375,^SP500TR
2022-03-22,9484.8603515625,^SP500TR
2022-03-23,9368.98046875,^SP500TR
2022-03-24,9504.1904296875,^SP500TR
2022-03-25,9552.400390625,^SP500TR
2022-03-28,9620.66015625,^SP500TR
2022-03-29,9738.599609375,^SP500TR
2022-03-30,9678.2998046875,^SP500TR
2022-03-31,9527.4599609375,^SP500TR
2022-04-01,9559.9501953125,^SP500TR
2022-04-04,9637.3701171875,^SP500TR
2022-04-05,9517.9404296875,^SP500TR
2022-04-06,9425.490234375,^SP500TR
2022-04-07,9466.759765625,^SP500TR
2022-04-08,9441.83984375,^SP500TR
2022-04-11,9282.48046875,^SP500TR
2022-04-12,9251.0703125,^SP500TR
2022-04-13,9356.2099609375,^SP500TR
2022-04-14,9242.580078125,^SP500TR
2022-04-18,9240.6904296875,^SP500TR
2022-04-19,9389.2099609375,^SP500TR
2022-04-20,9383.5400390625,^SP500TR
2022-04-21,9245.8603515625,^SP500TR
2022-04-22,8989.509765625,^SP500TR
2022-04-25,9040.8603515625,^SP500TR
2022-04-26,8786.4697265625,^SP500TR
2022-04-27,8805.0,^SP500TR
2022-04-28,9023.419921875,^SP500TR
2022-04-29,8696.650390625,^SP500TR
2022-05-02,8746.0498046875,^SP500TR
2022-05-03,8788.3603515625,^SP500TR
2022-05-04,9050.900390625,^SP500TR
2022-05-05,8729.2099609375,^SP500TR
2022-05-06,8680.9697265625,^SP500TR
2022-05-09,8403.5,^SP500TR
2022-05-10,8424.2001953125,^SP500TR
2022-05-11,8285.8203125,^SP500TR
2022-05-12,8278.0400390625,^SP500TR
2022-05-13,8476.5703125,^SP500TR
2022-05-16,8443.5498046875,^SP500TR
2022-05-17,8614.3095703125,^SP500TR
2022-05-18,8268.3203125,^SP500TR
2022-05-19,8220.9697265625,^SP500TR
2022-05-20,8222.3095703125,^SP500TR
2022-05-23,8375.8701171875,^SP500TR
2022-05-24,8307.9697265625,^SP500TR
2022-05-25,8386.6201171875,^SP500TR
2022-05-26,8553.6796875,^SP500TR
2022-05-27,8766.830078125,^SP500TR
2022-05-31,8712.599609375,^SP500TR
2022-06-01,8648.2802734375,^SP500TR
2022-06-02,8809.1796875,^SP500TR
2022-06-03,8665.7998046875,^SP500TR
2022-06-06,8693.0595703125,^SP500TR
2022-06-07,8776.08984375,^SP500TR
2022-06-08,8681.6796875,^SP500TR
2022-06-09,8475.91015625,^SP500TR
2022-06-10,8229.4296875,^SP500TR
2022-06-13,7910.43017578125,^SP500TR
2022-06-14,7883.33984375,^SP500TR
2022-06-15,7998.6201171875,^SP500TR
2022-06-16,7739.39013671875,^SP500TR
2022-06-17,7756.58984375,^SP500TR
2022-06-21,7946.89013671875,^SP500TR
2022-06-22,7936.669921875,^SP500TR
2022-06-23,8012.68017578125,^SP500TR
2022-06-24,8257.7197265625,^SP500TR
2022-06-27,8233.419921875,^SP500TR
2022-06-28,8067.56005859375,^SP500TR
2022-06-29,8062.72021484375,^SP500TR
2022-06-30,7993.43017578125,^SP500TR
2022-07-01,8077.89013671875,^SP500TR
2022-07-05,8092.14990234375,^SP500TR
2022-07-06,8121.2099609375,^SP500TR
2022-07-07,8243.6904296875,^SP500TR
2022-07-08,8237.5,^SP500TR
2022-07-11,8142.68017578125,^SP500TR
2022-07-12,8067.56005859375,^SP500TR
2022-07-13,8031.759765625,^SP500TR
2022-07-14,8008.7099609375,^SP500TR
2022-07-15,8162.5,^SP500TR
2022-07-18,8094.22998046875,^SP500TR
2022-07-19,8318.2001953125,^SP500TR
2022-07-20,8367.3701171875,^SP500TR
2022-07-21,8450.6396484375,^SP500TR
2022-07-22,8371.8701171875,^SP500TR
2022-07-25,8382.8798828125,^SP500TR
2022-07-26,8286.1904296875,^SP500TR
2022-07-27,8503.01953125,^SP500TR
2022-07-28,8607.240234375,^SP500TR
2022-07-29,8730.4599609375,^SP500TR
2022-08-01,8705.8701171875,^SP500TR
2022-08-02,8647.91015625,^SP500TR
2022-08-03,8783.2802734375,^SP500TR
2022-08-04,8777.23046875,^SP500TR
2022-08-05,8764.080078125,^SP500TR
2022-08-08,8753.3896484375,^SP500TR
2022-08-09,8716.75,^SP500TR
2022-08-10,8902.7197265625,^SP500TR
2022-08-11,8898.83984375,^SP500TR
2022-08-12,9054.1396484375,^SP500TR
2022-08-15,9090.3603515625,^SP500TR
2022-08-16,9107.8701171875,^SP500TR
2022-08-17,9043.58984375,^SP500TR
2022-08-18,9065.490234375,^SP500TR
2022-08-19,8948.8203125,^SP500TR
2022-08-22,8758.240234375,^SP500TR
2022-08-23,8738.759765625,^SP500TR
2022-08-24,8764.419921875,^SP500TR
2022-08-25,8888.1298828125,^SP500TR
2022-08-26,8588.9501953125,^SP500TR
2022-08-29,8532.099609375,^SP500TR
2022-08-30,8438.6904296875,^SP500TR
2022-08-31,8374.419921875,^SP500TR
2022-09-01,8400.9599609375,^SP500TR
2022-09-02,8311.419921875,^SP500TR
2022-09-06,8277.8095703125,^SP500TR
2022-09-07,8429.8701171875,^SP500TR
2022-09-08,8486.6298828125,^SP500TR
2022-09-09,8616.98046875,^SP500TR
2022-09-12,8708.169921875,^SP500TR
2022-09-13,8331.900390625,^SP500TR
2022-09-14,8362.400390625,^SP500TR
2022-09-15,8268.599609375,^SP500TR
2022-09-16,8209.349609375,^SP500TR
2022-09-19,8265.73046875,^SP500TR
2022-09-20,8172.64013671875,^SP500TR
2022-09-21,8033.2900390625,^SP500TR
2022-09-22,7965.9599609375,^SP500TR
2022-09-23,7828.8701171875,^SP500TR
2022-09-26,7747.93017578125,^SP500TR
2022-09-27,7731.990234375,^SP500TR
2022-09-28,7884.5498046875,^SP500TR
2022-09-29,7719.08984375,^SP500TR
2022-09-30,7603.14013671875,^SP500TR
2022-10-03,7800.0,^SP500TR
2022-10-04,8039.25,^SP500TR
2022-10-05,8023.81005859375,^SP500TR
2022-10-06,7943.6298828125,^SP500TR
2022-10-07,7721.43994140625,^SP500TR
2022-10-10,7663.580078125,^SP500TR
2022-10-11,7613.75,^SP500TR
2022-10-12,7588.89990234375,^SP500TR
2022-10-13,7786.9599609375,^SP500TR
2022-10-14,7602.990234375,^SP500TR
2022-10-17,7804.330078125,^SP500TR
2022-10-18,7893.68017578125,^SP500TR
2022-10-19,7840.990234375,^SP500TR
2022-10-20,7779.52978515625,^SP500TR
2022-10-21,7964.25,^SP500TR
2022-10-24,8058.8798828125,^SP500TR
2022-10-25,8190.02001953125,^SP500TR
2022-10-26,8129.6201171875,^SP500TR
2022-10-27,8080.31982421875,^SP500TR
2022-10-28,8280.1103515625,^SP500TR
2022-10-31,8218.7001953125,^SP500TR
2022-11-01,8185.06982421875,^SP500TR
2022-11-02,7980.47021484375,^SP500TR
2022-11-03,7897.009765625,^SP500TR
2022-11-04,8006.240234375,^SP500TR
2022-11-07,8083.3798828125,^SP500TR
2022-11-08,8128.7001953125,^SP500TR
2022-11-09,7961.52001953125,^SP500TR
2022-11-10,8403.48046875,^SP500TR
2022-11-11,8481.1298828125,^SP500TR
2022-11-14,8407.25,^SP500TR
2022-11-15,8481.1396484375,^SP500TR
2022-11-16,8413.08984375,^SP500TR
2022-11-17,8388.83984375,^SP500TR
2022-11-18,8429.009765625,^SP500TR
2022-11-21,8397.23046875,^SP500TR
2022-11-22,8511.48046875,^SP500TR
2022-11-23,8562.26953125,^SP500TR
2022-11-25,8560.08984375,^SP500TR
2022-11-28,8427.9501953125,^SP500TR
2022-11-29,8415.26953125,^SP500TR
2022-11-30,8678.0,^SP500TR
2022-12-01,8671.900390625,^SP500TR
2022-12-02,8662.23046875,^SP500TR
2022-12-05,8507.33984375,^SP500TR
2022-12-06,8385.16015625,^SP500TR
2022-12-07,8369.740234375,^SP500TR
2022-12-08,8433.900390625,^SP500TR
2022-12-09,8372.259765625,^SP500TR
2022-12-12,8491.8603515625,^SP500TR
2022-12-13,8554.099609375,^SP500TR
2022-12-14,8503.9697265625,^SP500TR
2022-12-15,8292.6396484375,^SP500TR
2022-12-16,8200.900390625,^SP500TR
2022-12-19,8127.56982421875,^SP500TR
2022-12-20,8136.2998046875,^SP500TR
2022-12-21,8258.4296875,^SP500TR
2022-12-22,8139.06982421875,^SP500TR
2022-12-23,8187.06005859375,^SP500TR
2022-12-27,8154.56982421875,^SP500TR
2022-12-28,8056.6201171875,^SP500TR
2022-12-29,8198.3603515625,^SP500TR
2022-12-30,8178.02001953125,^SP500TR
2023-01-03,8145.60009765625,^SP500TR
2023-01-04,8207.419921875,^SP500TR
2023-01-05,8113.14990234375,^SP500TR
2023-01-06,8298.6103515625,^SP500TR
2023-01-09,8293.7998046875,^SP500TR
2023-01-10,8351.6796875,^SP500TR
2023-01-11,8459.1796875,^SP500TR
2023-01-12,8489.080078125,^SP500TR
2023-01-13,8523.3203125,^SP500TR
2023-01-17,8506.0302734375,^SP500TR
2023-01-18,8373.66015625,^SP500TR
2023-01-19,8310.75,^SP500TR
2023-01-20,8468.150390625,^SP500TR
2023-01-23,8568.76953125,^SP500TR
2023-01-24,8562.8701171875,^SP500TR
2023-01-25,8561.400390625,^SP500TR
2023-01-26,8656.259765625,^SP500TR
2023-01-27,8678.009765625,^SP500TR
2023-01-30,8566.2802734375,^SP500TR
2023-01-31,8691.8798828125,^SP500TR
2023-02-01,8782.76953125,^SP500TR
2023-02-02,8912.349609375,^SP500TR
2023-02-03,8820.4697265625,^SP500TR
2023-02-06,8766.900390625,^SP500TR
2023-02-07,8879.91015625,^SP500TR
2023-02-08,8781.7900390625,^SP500TR
2023-02-09,8705.580078125,^SP500TR
2023-02-10,8726.4697265625,^SP500TR
2023-02-13,8827.7197265625,^SP500TR
2023-02-14,8826.3203125,^SP500TR
2023-02-15,8853.01953125,^SP500TR
2023-02-16,8731.75,^SP500TR
2023-02-17,8709.2099609375,^SP500TR
2023-02-21,8534.73046875,^SP500TR
2023-02-22,8521.4501953125,^SP500TR
2023-02-23,8567.5703125,^SP500TR
2023-02-24,8477.66015625,^SP500TR
2023-02-27,8504.759765625,^SP500TR
2023-02-28,8479.7998046875,^SP500TR
2023-03-01,8440.25,^SP500TR
2023-03-02,8505.5498046875,^SP500TR
2023-03-03,8643.6103515625,^SP500TR
2023-03-06,8649.8798828125,^SP500TR
2023-03-07,8517.5400390625,^SP500TR
2023-03-08,8530.330078125,^SP500TR
2023-03-09,8374.25,^SP500TR
2023-03-10,8253.650390625,^SP500TR
2023-03-13,8241.3896484375,^SP500TR
2023-03-14,8379.16015625,^SP500TR
2023-03-15,8320.9599609375,^SP500TR
2023-03-16,8468.330078125,^SP500TR
2023-03-17,8375.2099609375,^SP500TR
2023-03-20,8449.98046875,^SP500TR
2023-03-21,8560.3095703125,^SP500TR
2023-03-22,8420.01953125,^SP500TR
2023-03-23,8445.8701171875,^SP500TR
2023-03-24,8493.5498046875,^SP500TR
2023-03-27,8507.5400390625,^SP500TR
2023-03-28,8494.349609375,^SP500TR
2023-03-29,8615.2900390625,^SP500TR
2023-03-30,8665.7001953125,^SP500TR
2023-03-31,8791.1298828125,^SP500TR
2023-04-03,8823.66015625,^SP500TR
2023-04-04,8773.3095703125,^SP500TR
2023-04-05,8752.5400390625,^SP500TR
2023-04-06,8785.7001953125,^SP500TR
2023-04-10,8794.650390625,^SP500TR
2023-04-11,8794.2900390625,^SP500TR
2023-04-12,8758.1103515625,^SP500TR
2023-04-13,8875.650390625,^SP500TR
2023-04-14,8857.3095703125,^SP500TR
2023-04-17,8886.759765625,^SP500TR
2023-04-18,8894.349609375,^SP500TR
2023-04-19,8893.599609375,^SP500TR
2023-04-20,8841.6201171875,^SP500TR
2023-04-21,8849.759765625,^SP500TR
2023-04-24,8857.2998046875,^SP500TR
2023-04-25,8717.6298828125,^SP500TR
2023-04-26,8684.1904296875,^SP500TR
2023-04-27,8854.3203125,^SP500TR
2023-04-28,8928.349609375,^SP500TR
2023-05-01,8924.919921875,^SP500TR
2023-05-02,8821.58984375,^SP500TR
2023-05-03,8759.9501953125,^SP500TR
2023-05-04,8697.6796875,^SP500TR
2023-05-05,8858.8603515625,^SP500TR
2023-05-08,8863.009765625,^SP500TR
2023-05-09,8823.0498046875,^SP500TR
2023-05-10,8862.849609375,^SP500TR
2023-05-11,8849.6904296875,^SP500TR
2023-05-12,8837.6796875,^SP500TR
2023-05-15,8865.0302734375,^SP500TR
2023-05-16,8808.9501953125,^SP500TR
2023-05-17,8915.4296875,^SP500TR
2023-05-18,9001.25,^SP500TR
2023-05-19,8988.4599609375,^SP500TR
2023-05-22,8990.8896484375,^SP500TR
2023-05-23,8890.16015625,^SP500TR
2023-05-24,8825.259765625,^SP500TR
2023-05-25,8902.83984375,^SP500TR
2023-05-26,9019.6396484375,^SP500TR
2023-05-30,9020.3896484375,^SP500TR
2023-05-31,8967.16015625,^SP500TR
2023-06-01,9057.169921875,^SP500TR
2023-06-02,9189.33984375,^SP500TR
2023-06-05,9171.08984375,^SP500TR
2023-06-06,9192.91015625,^SP500TR
2023-06-07,9158.1396484375,^SP500TR
2023-06-08,9215.8603515625,^SP500TR
2023-06-09,9226.7001953125,^SP500TR
2023-06-12,9312.7197265625,^SP500TR
2023-06-13,9377.650390625,^SP500TR
2023-06-14,9387.5400390625,^SP500TR
2023-06-15,9503.5302734375,^SP500TR
2023-06-16,9468.8095703125,^SP500TR
2023-06-20,9424.01953125,^SP500TR
2023-06-21,9375.2099609375,^SP500TR
2023-06-22,9410.830078125,^SP500TR
2023-06-23,9338.83984375,^SP500TR
2023-06-26,9297.1201171875,^SP500TR
2023-06-27,9403.6201171875,^SP500TR
2023-06-28,9400.2998046875,^SP500TR
2023-06-29,9443.4599609375,^SP500TR
2023-06-30,9559.669921875,^SP500TR
2023-07-03,9571.349609375,^SP500TR
2023-07-05,9553.6904296875,^SP500TR
2023-07-06,9478.73046875,^SP500TR
2023-07-07,9453.099609375,^SP500TR
2023-07-10,9475.900390625,^SP500TR
2023-07-11,9539.9501953125,^SP500TR
2023-07-12,9610.8701171875,^SP500TR
2023-07-13,9693.2998046875,^SP500TR
2023-07-14,9683.6904296875,^SP500TR
2023-07-17,9721.0302734375,^SP500TR
2023-07-18,9790.2001953125,^SP500TR
2023-07-19,9813.4599609375,^SP500TR
2023-07-20,9748.099609375,^SP500TR
2023-07-21,9751.259765625,^SP500TR
2023-07-24,9790.759765625,^SP500TR
2023-07-25,9818.490234375,^SP500TR
2023-07-26,9817.1103515625,^SP500TR
2023-07-27,9754.7197265625,^SP500TR
2023-07-28,9852.009765625,^SP500TR
2023-07-31,9866.76953125,^SP500TR
2023-08-01,9840.7099609375,^SP500TR
2023-08-02,9704.6298828125,^SP500TR
2023-08-03,9680.3603515625,^SP500TR
2023-08-04,9629.76953125,^SP500TR
2023-08-07,9716.91015625,^SP500TR
2023-08-08,9676.0,^SP500TR
2023-08-09,9608.73046875,^SP500TR
2023-08-10,9612.3603515625,^SP500TR
2023-08-11,9603.4501953125,^SP500TR
2023-08-14,9659.259765625,^SP500TR
2023-08-15,9549.169921875,^SP500TR
2023-08-16,9478.5400390625,^SP500TR
2023-08-17,9407.26953125,^SP500TR
2023-08-18,9406.5,^SP500TR
2023-08-21,9471.3896484375,^SP500TR
2023-08-22,9445.2197265625,^SP500TR
2023-08-23,9549.73046875,^SP500TR
2023-08-24,9421.4697265625,^SP500TR
2023-08-25,9485.8896484375,^SP500TR
2023-08-28,9545.4404296875,^SP500TR
2023-08-29,9684.2197265625,^SP500TR
2023-08-30,9722.9599609375,^SP500TR
2023-08-31,9709.6796875,^SP500TR
2023-09-01,9727.6396484375,^SP500TR
2023-09-05,9687.259765625,^SP500TR
2023-09-06,9619.98046875,^SP500TR
2023-09-07,9590.400390625,^SP500TR
2023-09-08,9604.76953125,^SP500TR
2023-09-11,9669.3603515625,^SP500TR
2023-09-12,9614.66015625,^SP500TR
2023-09-13,9626.6796875,^SP500TR
2023-09-14,9710.5400390625,^SP500TR
2023-09-15,9592.8603515625,^SP500TR
2023-09-18,9599.9296875,^SP500TR
2023-09-19,9579.26953125,^SP500TR
2023-09-20,9489.919921875,^SP500TR
2023-09-21,9334.58984375,^SP500TR
2023-09-22,9313.2998046875,^SP500TR
2023-09-25,9350.900390625,^SP500TR
2023-09-26,9213.7197265625,^SP500TR
2023-09-27,9216.01953125,^SP500TR
2023-09-28,9271.5498046875,^SP500TR
2023-09-29,9246.740234375,^SP500TR
2023-10-02,9247.509765625,^SP500TR
2023-10-03,9121.1396484375,^SP500TR
2023-10-04,9195.1396484375,^SP500TR
2023-10-05,9184.8095703125,^SP500TR
2023-10-06,9294.8203125,^SP500TR
2023-10-09,9353.41015625,^SP500TR
2023-10-10,9402.3095703125,^SP500TR
2023-10-11,9443.1298828125,^SP500TR
2023-10-12,9385.16015625,^SP500TR
2023-10-13,9338.08984375,^SP500TR
2023-10-16,9437.3095703125,^SP500TR
2023-10-17,9436.3603515625,^SP500TR
2023-10-18,9309.919921875,^SP500TR
2023-10-19,9231.73046875,^SP500TR
2023-10-20,9115.83984375,^SP500TR
2023-10-23,9100.490234375,^SP500TR
2023-10-24,9166.7998046875,^SP500TR
2023-10-25,9035.400390625,^SP500TR
2023-10-26,8928.6298828125,^SP500TR
2023-10-27,8885.9404296875,^SP500TR
2023-10-30,8993.4599609375,^SP500TR
2023-10-31,9052.3095703125,^SP500TR
2023-11-01,9147.4501953125,^SP500TR
2023-11-02,9320.5595703125,^SP500TR
2023-11-03,9408.5595703125,^SP500TR
2023-11-06,9425.33984375,^SP500TR
2023-11-07,9452.2802734375,^SP500TR
2023-11-08,9462.25,^SP500TR
2023-11-09,9387.58984375,^SP500TR
2023-11-10,9535.6298828125,^SP500TR
2023-11-13,9528.25,^SP500TR
2023-11-14,9712.009765625,^SP500TR
2023-11-15,9729.3095703125,^SP500TR
2023-11-16,9743.2197265625,^SP500TR
2023-11-17,9755.919921875,^SP500TR
2023-11-20,9829.01953125,^SP500TR
2023-11-21,9809.3896484375,^SP500TR
2023-11-22,9849.740234375,^SP500TR
2023-11-24,9855.83984375,^SP500TR
2023-11-27,9836.75,^SP500TR
2023-11-28,9846.4296875,^SP500TR
2023-11-29,9838.8203125,^SP500TR
2023-11-30,9879.01953125,^SP500TR
2023-12-01,9937.8896484375,^SP500TR
2023-12-04,9884.169921875,^SP500TR
2023-12-05,9878.9697265625,^SP500TR
2023-12-06,9840.650390625,^SP500TR
2023-12-07,9920.6396484375,^SP500TR
2023-12-08,9961.5,^SP500TR
2023-12-11,10000.6396484375,^SP500TR
2023-12-12,10047.0400390625,^SP500TR
2023-12-13,10184.3798828125,^SP500TR
2023-12-14,10213.6904296875,^SP500TR
2023-12-15,10213.48046875,^SP500TR
2023-12-18,10259.849609375,^SP500TR
2023-12-19,10320.8603515625,^SP500TR
2023-12-20,10170.509765625,^SP500TR
2023-12-21,10275.2998046875,^SP500TR
2023-12-22,10292.3701171875,^SP500TR
2023-12-26,10335.98046875,^SP500TR
2023-12-27,10351.599609375,^SP500TR
2023-12-28,10356.58984375,^SP500TR
2023-12-29,10327.830078125,^SP500TR
2024-01-02,10269.6904296875,^SP500TR
2024-01-03,10187.7900390625,^SP500TR
2024-01-04,10154.2001953125,^SP500TR
2024-01-05,10172.75,^SP500TR
2024-01-08,10316.51953125,^SP500TR
2024-01-09,10302.73046875,^SP500TR
2024-01-10,10361.26953125,^SP500TR
2024-01-11,10354.6904296875,^SP500TR
2024-01-12,10363.349609375,^SP500TR
2024-01-16,10324.830078125,^SP500TR
2024-01-17,10267.0498046875,^SP500TR
2024-01-18,10358.2900390625,^SP500TR
2024-01-19,10486.4404296875,^SP500TR
2024-01-22,10509.4404296875,^SP500TR
2024-01-23,10540.3798828125,^SP500TR
2024-01-24,10549.0400390625,^SP500TR
2024-01-25,10605.1298828125,^SP500TR
2024-01-26,10598.23046875,^SP500TR
2024-01-29,10678.5,^SP500TR
2024-01-30,10672.9501953125,^SP500TR
2024-01-31,10501.3798828125,^SP500TR
2024-02-01,10633.1396484375,^SP500TR
2024-02-02,10747.25,^SP500TR
2024-02-05,10713.1103515625,^SP500TR
2024-02-06,10738.169921875,^SP500TR
2024-02-07,10826.8095703125,^SP500TR
2024-02-08,10834.3603515625,^SP500TR
2024-02-09,10897.6103515625,^SP500TR
2024-02-12,10887.41015625,^SP500TR
2024-02-13,10739.8095703125,^SP500TR
2024-02-14,10844.7197265625,^SP500TR
2024-02-15,10910.3095703125,^SP500TR
2024-02-16,10859.6298828125,^SP500TR
2024-02-20,10794.7998046875,^SP500TR
2024-02-21,10808.9296875,^SP500TR
2024-02-22,11037.8203125,^SP500TR
2024-02-23,11041.900390625,^SP500TR
2024-02-26,11000.5,^SP500TR
2024-02-27,11019.4404296875,^SP500TR
2024-02-28,11002.2001953125,^SP500TR
2024-02-29,11062.1103515625,^SP500TR
2024-03-01,11151.33984375,^SP500TR
2024-03-04,11138.4296875,^SP500TR
2024-03-05,11025.16015625,^SP500TR
2024-03-06,11082.650390625,^SP500TR
2024-03-07,11198.3896484375,^SP500TR
2024-03-08,11126.0703125,^SP500TR
2024-03-11,11113.6103515625,^SP500TR
2024-03-12,11238.4599609375,^SP500TR
2024-03-13,11217.2998046875,^SP500TR
2024-03-14,11187.849609375,^SP500TR
2024-03-15,11115.6904296875,^SP500TR
2024-03-18,11186.0400390625,^SP500TR
2024-03-19,11249.23046875,^SP500TR
2024-03-20,11350.8896484375,^SP500TR
2024-03-21,11387.8896484375,^SP500TR
2024-03-22,11372.490234375,^SP500TR
2024-03-25,11337.740234375,^SP500TR
2024-03-26,11306.009765625,^SP500TR
2024-03-27,11404.9501953125,^SP500TR
2024-03-28,11418.0302734375,^SP500TR
2024-04-01,11395.080078125,^SP500TR
2024-04-02,11312.900390625,^SP500TR
2024-04-03,11325.7802734375,^SP500TR
2024-04-04,11187.490234375,^SP500TR
2024-04-05,11311.7001953125,^SP500TR
2024-04-08,11307.66015625,^SP500TR
2024-04-09,11325.6298828125,^SP500TR
2024-04-10,11218.73046875,^SP500TR
2024-04-11,11302.5302734375,^SP500TR
2024-04-12,11139.3798828125,^SP500TR
2024-04-15,11005.6103515625,^SP500TR
2024-04-16,10982.990234375,^SP500TR
2024-04-17,10919.490234375,^SP500TR
2024-04-18,10896.0703125,^SP500TR
2024-04-19,10801.16015625,^SP500TR
2024-04-22,10895.4697265625,^SP500TR
2024-04-23,11026.0595703125,^SP500TR
2024-04-24,11028.4599609375,^SP500TR
2024-04-25,10978.2001953125,^SP500TR
2024-04-26,11090.4599609375,^SP500TR
2024-04-29,11126.2802734375,^SP500TR
2024-04-30,10951.66015625,^SP500TR
2024-05-01,10914.1103515625,^SP500TR
2024-05-02,11013.91015625,^SP500TR
2024-05-03,11152.759765625,^SP500TR
2024-05-06,11268.23046875,^SP500TR
2024-05-07,11283.9599609375,^SP500TR
2024-05-08,11283.91015625,^SP500TR
2024-05-09,11343.5498046875,^SP500TR
2024-05-10,11364.0400390625,^SP500TR
2024-05-13,11361.4599609375,^SP500TR
2024-05-14,11418.1201171875,^SP500TR
2024-05-15,11554.0400390625,^SP500TR
2024-05-16,11532.3603515625,^SP500TR
2024-05-17,11546.2802734375,^SP500TR
2024-05-20,11557.83984375,^SP500TR
2024-05-21,11587.0498046875,^SP500TR
2024-05-22,11555.83984375,^SP500TR
2024-05-23,11470.98046875,^SP500TR
2024-05-24,11551.5595703125,^SP500TR
2024-05-28,11554.4501953125,^SP500TR
2024-05-29,11469.4599609375,^SP500TR
2024-05-30,11402.099609375,^SP500TR
2024-05-31,11494.7001953125,^SP500TR
2024-06-03,11508.8896484375,^SP500TR
2024-06-04,11526.8095703125,^SP500TR
2024-06-05,11663.5498046875,^SP500TR
2024-06-06,11661.3701171875,^SP500TR
2024-06-07,11650.490234375,^SP500TR
2024-06-10,11681.5400390625,^SP500TR
2024-06-11,11713.2998046875,^SP500TR
2024-06-12,11813.169921875,^SP500TR
2024-06-13,11841.01953125,^SP500TR
2024-06-14,11839.26953125,^SP500TR
2024-06-17,11931.48046875,^SP500TR
2024-06-18,11961.9296875,^SP500TR
2024-06-20,11931.7998046875,^SP500TR
2024-06-21,11913.7802734375,^SP500TR
2024-06-24,11878.0400390625,^SP500TR
2024-06-25,11924.75,^SP500TR
2024-06-26,11943.5302734375,^SP500TR
2024-06-27,11954.5,^SP500TR
2024-06-28,11907.150390625,^SP500TR
2024-07-01,11939.3798828125,^SP500TR
2024-07-02,12013.400390625,^SP500TR
2024-07-03,12074.830078125,^SP500TR
2024-07-05,12142.5400390625,^SP500TR
2024-07-08,12155.26953125,^SP500TR
2024-07-09,12164.5703125,^SP500TR
2024-07-10,12290.2099609375,^SP500TR
2024-07-11,12182.9697265625,^SP500TR
2024-07-12,12250.1904296875,^SP500TR
2024-07-15,12286.0498046875,^SP500TR
2024-07-16,12364.5595703125,^SP500TR
2024-07-17,12192.490234375,^SP500TR
2024-07-18,12097.25,^SP500TR
2024-07-19,12011.6103515625,^SP500TR
2024-07-22,12141.75,^SP500TR
2024-07-23,12122.830078125,^SP500TR
2024-07-24,11842.3603515625,^SP500TR
2024-07-25,11781.5703125,^SP500TR
2024-07-26,11913.0400390625,^SP500TR
2024-07-29,11922.8896484375,^SP500TR
2024-07-30,11863.7998046875,^SP500TR
2024-07-31,12052.08984375,^SP500TR
2024-08-01,11887.5400390625,^SP500TR
2024-08-02,11669.1796875,^SP500TR
2024-08-05,11319.9599609375,^SP500TR
2024-08-06,11437.3203125,^SP500TR
2024-08-07,11349.240234375,^SP500TR
2024-08-08,11610.83984375,^SP500TR
2024-08-09,11666.490234375,^SP500TR
2024-08-12,11668.58984375,^SP500TR
2024-08-13,11865.2900390625,^SP500TR
2024-08-14,11911.01953125,^SP500TR
2024-08-15,12106.6796875,^SP500TR
2024-08-16,12132.48046875,^SP500TR
2024-08-19,12251.740234375,^SP500TR
2024-08-20,12227.7998046875,^SP500TR
2024-08-21,12280.1796875,^SP500TR
2024-08-22,12170.7099609375,^SP500TR
2024-08-23,12310.6298828125,^SP500TR
2024-08-26,12272.080078125,^SP500TR
2024-08-27,12292.6396484375,^SP500TR
2024-08-28,12219.23046875,^SP500TR
2024-08-29,12219.3798828125,^SP500TR
2024-08-30,12344.4296875,^SP500TR
2024-09-03,12084.5703125,^SP500TR
2024-09-04,12065.6904296875,^SP500TR
2024-09-05,12029.7197265625,^SP500TR
2024-09-06,11823.5703125,^SP500TR
2024-09-09,11961.740234375,^SP500TR
2024-09-10,12015.5703125,^SP500TR
2024-09-11,12143.849609375,^SP500TR
2024-09-12,12235.0595703125,^SP500TR
2024-09-13,12303.259765625,^SP500TR
2024-09-16,12321.2099609375,^SP500TR
2024-09-17,12324.75,^SP500TR
2024-09-18,12289.259765625,^SP500TR
2024-09-19,12498.58984375,^SP500TR
2024-09-20,12474.4404296875,^SP500TR
2024-09-23,12509.6103515625,^SP500TR
2024-09-24,12541.08984375,^SP500TR
2024-09-25,12517.8203125,^SP500TR
2024-09-26,12569.1298828125,^SP500TR
2024-09-27,12553.7802734375,^SP500TR
2024-09-30,12608.0703125,^SP500TR
2024-10-01,12490.8701171875,^SP500TR
2024-10-02,12493.349609375,^SP500TR
2024-10-03,12472.3896484375,^SP500TR
2024-10-04,12586.91015625,^SP500TR
2024-10-07,12466.41015625,^SP500TR
2024-10-08,12587.25,^SP500TR
2024-10-09,12677.16015625,^SP500TR
2024-10-10,12652.83984375,^SP500TR
2024-10-11,12729.51953125,^SP500TR
2024-10-14,12827.6298828125,^SP500TR
2024-10-15,12731.099609375,^SP500TR
2024-10-16,12790.83984375,^SP500TR
2024-10-17,12788.7802734375,^SP500TR
2024-10-18,12840.2998046875,^SP500TR
2024-10-21,12817.3896484375,^SP500TR
2024-10-22,12811.3603515625,^SP500TR
2024-10-23,12693.8203125,^SP500TR
2024-10-24,12721.0498046875,^SP500TR
2024-10-25,12717.33984375,^SP500TR
2024-10-28,12751.2197265625,^SP500TR
2024-10-29,12771.7998046875,^SP500TR
2024-10-30,12729.73046875,^SP500TR
2024-10-31,12493.740234375,^SP500TR
2024-11-01,12545.400390625,^SP500TR
2024-11-04,12510.73046875,^SP500TR
2024-11-05,12664.3203125,^SP500TR
2024-11-06,12984.73046875,^SP500TR
2024-11-07,13081.5302734375,^SP500TR
2024-11-08,13133.4697265625,^SP500TR
2024-11-11,13146.2001953125,^SP500TR
2024-11-12,13108.9501953125,^SP500TR
2024-11-13,13112.5703125,^SP500TR
2024-11-14,13034.7900390625,^SP500TR
2024-11-15,12864.419921875,^SP500TR
2024-11-18,12916.7998046875,^SP500TR
2024-11-19,12968.16015625,^SP500TR
2024-11-20,12968.849609375,^SP500TR
2024-11-21,13040.080078125,^SP500TR
2024-11-22,13085.8603515625,^SP500TR
2024-11-25,13125.4599609375,^SP500TR
2024-11-26,13201.4697265625,^SP500TR
2024-11-27,13152.080078125,^SP500TR
2024-11-29,13227.1298828125,^SP500TR
2024-12-02,13261.080078125,^SP500TR
2024-12-03,13267.330078125,^SP500TR
2024-12-04,13347.8798828125,^SP500TR
2024-12-05,13323.740234375,^SP500TR
2024-12-06,13358.5,^SP500TR
2024-12-09,13278.2900390625,^SP500TR
2024-12-10,13239.2099609375,^SP500TR
2024-12-11,13347.509765625,^SP500TR
2024-12-12,13275.240234375,^SP500TR
2024-12-13,13276.5595703125,^SP500TR
2024-12-16,13328.7802734375,^SP500TR
2024-12-17,13277.5498046875,^SP500TR
2024-12-18,12886.2099609375,^SP500TR
2024-12-19,12875.08984375,^SP500TR
2024-12-20,13015.66015625,^SP500TR
2024-12-23,13111.2998046875,^SP500TR
2024-12-24,13256.0703125,^SP500TR
2024-12-26,13251.759765625,^SP500TR
2024-12-27,13106.3896484375,^SP500TR
2024-12-30,12966.2197265625,^SP500TR
2024-12-31,12911.8203125,^SP500TR
2025-01-02,12883.580078125,^SP500TR
2025-01-03,13046.8798828125,^SP500TR
2025-01-06,13120.1396484375,^SP500TR
2025-01-07,12974.58984375,^SP500TR
2025-01-08,12995.1298828125,^SP500TR
2025-01-10,12797.3896484375,^SP500TR
2025-01-13,12817.5595703125,^SP500TR
2025-01-14,12832.2900390625,^SP500TR
2025-01-15,13068.5595703125,^SP500TR
2025-01-16,13041.1904296875,^SP500TR
2025-01-17,13171.75,^SP500TR
2025-01-21,13287.580078125,^SP500TR
2025-01-22,13369.3603515625,^SP500TR
2025-01-23,13440.6103515625,^SP500TR
2025-01-24,13403.509765625,^SP500TR
2025-01-27,13208.1904296875,^SP500TR
2025-01-28,13329.9501953125,^SP500TR
2025-01-29,13267.650390625,^SP500TR
2025-01-30,13337.849609375,^SP500TR
2025-01-31,13271.3798828125,^SP500TR
2025-02-03,13171.2099609375,^SP500TR
2025-02-04,13266.4501953125,^SP500TR
2025-02-05,13318.4296875,^SP500TR
2025-02-06,13366.9599609375,^SP500TR
2025-02-07,13241.33984375,^SP500TR
2025-02-10,13332.150390625,^SP500TR
2025-02-11,13337.0,^SP500TR
2025-02-12,13302.099609375,^SP500TR
2025-02-13,13440.9296875,^SP500TR
2025-02-14,13443.099609375,^SP500TR
2025-02-18,13478.01953125,^SP500TR
2025-02-19,13510.2900390625,^SP500TR
2025-02-20,13453.5400390625,^SP500TR
2025-02-21,13224.4501953125,^SP500TR
2025-02-24,13159.2099609375,^SP500TR
2025-02-25,13097.849609375,^SP500TR
2025-02-26,13099.91015625,^SP500TR
2025-02-27,12892.2001953125,^SP500TR
2025-02-28,13098.2197265625,^SP500TR
2025-03-03,12868.9501953125,^SP500TR
2025-03-04,12711.8603515625,^SP500TR
2025-03-05,12853.990234375,^SP500TR
2025-03-06,12625.3095703125,^SP500TR
2025-03-07,12696.900390625,^SP500TR
2025-03-10,12356.6904296875,^SP500TR
2025-03-11,12263.3095703125,^SP500TR
2025-03-12,12323.5,^SP500TR
2025-03-13,12153.330078125,^SP500TR
2025-03-14,12414.2802734375,^SP500TR
2025-03-17,12494.8203125,^SP500TR
2025-03-18,12362.16015625,^SP500TR
2025-03-19,12495.740234375,^SP500TR
2025-03-20,12469.9697265625,^SP500TR
2025-03-21,12480.58984375,^SP500TR
2025-03-24,12700.91015625,^SP500TR
2025-03-25,12721.41015625,^SP500TR
2025-03-26,12579.48046875,^SP500TR
2025-03-27,12537.9296875,^SP500TR
2025-03-28,12290.8603515625,^SP500TR
2025-03-31,12360.2099609375,^SP500TR
2025-04-01,12407.259765625,^SP500TR
2025-04-02,12491.099609375,^SP500TR
2025-04-03,11887.150390625,^SP500TR
2025-04-04,11178.48046875,^SP500TR
2025-04-07,11152.5595703125,^SP500TR
2025-04-08,10977.5,^SP500TR
2025-04-09,12022.2099609375,^SP500TR
2025-04-10,11608.2197265625,^SP500TR
2025-04-11,11818.5302734375,^SP500TR
2025-04-14,11912.4501953125,^SP500TR
2025-04-15,11892.990234375,^SP500TR
2025-04-16,11626.7900390625,^SP500TR
2025-04-17,11642.400390625,^SP500TR
2025-04-21,11368.98046875,^SP500TR
2025-04-22,11654.830078125,^SP500TR
2025-04-23,11849.25,^SP500TR
2025-04-24,12089.3095703125,^SP500TR
2025-04-25,12178.490234375,^SP500TR
2025-04-28,12186.51953125,^SP500TR
2025-04-29,12257.26953125,^SP500TR
2025-04-30,12276.3896484375,^SP500TR
2025-05-01,12353.8701171875,^SP500TR
2025-05-02,12536.2001953125,^SP500TR
2025-05-05,12456.83984375,^SP500TR
2025-05-06,12361.16015625,^SP500TR
2025-05-07,12414.98046875,^SP500TR
2025-05-08,12487.0,^SP500TR
2025-05-09,12480.3095703125,^SP500TR
2025-05-12,12888.1298828125,^SP500TR
2025-05-13,12981.8896484375,^SP500TR
2025-05-14,12995.7802734375,^SP500TR
2025-05-15,13052.7197265625,^SP500TR
2025-05-16,13145.8798828125,^SP500TR
2025-05-19,13159.3095703125,^SP500TR
2025-05-20,13108.51953125,^SP500TR
2025-05-21,12897.419921875,^SP500TR
2025-05-22,12891.9501953125,^SP500TR
2025-05-23,12806.240234375,^SP500TR
2025-05-27,13069.3203125,^SP500TR
2025-05-28,12996.669921875,^SP500TR
2025-05-29,13049.009765625,^SP500TR
2025-05-30,13049.1298828125,^SP500TR
2025-06-02,13104.240234375,^SP500TR
2025-06-03,13180.4501953125,^SP500TR
2025-06-04,13181.9697265625,^SP500TR
2025-06-05,13113.4697265625,^SP500TR
2025-06-06,13249.8095703125,^SP500TR
2025-06-09,13263.1298828125,^SP500TR
2025-06-10,13336.2900390625,^SP500TR
2025-06-11,13299.8701171875,^SP500TR
2025-06-12,13350.849609375,^SP500TR
2025-06-13,13202.259765625,^SP500TR
2025-06-16,13328.4296875,^SP500TR
2025-06-17,13217.51953125,^SP500TR
2025-06-18,13213.8798828125,^SP500TR
2025-06-20,13185.83984375,^SP500TR
2025-06-23,13312.75,^SP500TR
2025-06-24,13461.099609375,^SP500TR
2025-06-25,13461.169921875,^SP500TR
2025-06-26,13569.2900390625,^SP500TR
2025-06-27,13641.099609375,^SP500TR
2025-06-30,13712.7099609375,^SP500TR
2025-07-01,13697.6796875,^SP500TR
2025-07-02,13763.0400390625,^SP500TR
2025-07-03,13879.98046875,^SP500TR
2025-07-07,13771.1103515625,^SP500TR
2025-07-08,13761.330078125,^SP500TR
2025-07-09,13844.919921875,^SP500TR
2025-07-10,13884.8896484375,^SP500TR
2025-07-11,13839.1103515625,^SP500TR
2025-07-14,13858.6201171875,^SP500TR
2025-07-15,13805.080078125,^SP500TR
2025-07-16,13849.169921875,^SP500TR
2025-07-17,13923.75,^SP500TR
2025-07-18,13923.349609375,^SP500TR
2025-07-21,13943.16015625,^SP500TR
2025-07-22,13952.349609375,^SP500TR
2025-07-23,14061.51953125,^SP500TR
2025-07-24,14071.4501953125,^SP500TR
2025-07-25,14128.1201171875,^SP500TR
2025-07-28,14130.6103515625,^SP500TR
2025-07-29,14088.8603515625,^SP500TR
2025-07-30,14071.33984375,^SP500TR
2025-07-31,14020.4599609375,^SP500TR
2025-08-01,13796.830078125,^SP500TR
2025-08-04,14000.6904296875,^SP500TR
2025-08-05,13932.8798828125,^SP500TR
2025-08-06,14034.349609375,^SP500TR
2025-08-07,14023.349609375,^SP500TR
2025-08-08,14134.01953125,^SP500TR
2025-08-11,14100.0302734375,^SP500TR
2025-08-12,14260.4296875,^SP500TR
2025-08-13,14306.9599609375,^SP500TR
2025-08-14,14311.8095703125,^SP500TR
2025-08-15,14273.5703125,^SP500TR
2025-08-18,14273.2197265625,^SP500TR
2025-08-19,14190.7998046875,^SP500TR
2025-08-20,14156.650390625,^SP500TR
2025-08-21,14101.7900390625,^SP500TR
2025-08-22,14316.5498046875,^SP500TR
2025-08-25,14255.759765625,^SP500TR
2025-08-26,14315.599609375,^SP500TR
2025-08-27,14349.8603515625,^SP500TR
2025-08-28,14395.509765625,^SP500TR
2025-08-29,14304.6796875,^SP500TR
2025-09-02,14208.5,^SP500TR
2025-09-03,14281.23046875,^SP500TR
2025-09-04,14401.7099609375,^SP500TR
2025-09-05,14358.1103515625,^SP500TR
2025-09-08,14389.1298828125,^SP500TR
2025-09-09,14428.25,^SP500TR
2025-09-10,14471.7099609375,^SP500TR
2025-09-11,14594.6396484375,^SP500TR
2025-09-12,14588.1796875,^SP500TR
2025-09-15,14660.1298828125,^SP500TR
2025-09-16,14641.76953125,^SP500TR
2025-09-17,14627.7998046875,^SP500TR
2025-09-18,14698.080078125,^SP500TR
2025-09-19,14769.9296875,^SP500TR
2025-09-22,14836.26953125,^SP500TR
2025-09-23,14754.6298828125,^SP500TR
2025-09-24,14712.7197265625,^SP500TR
2025-09-25,14639.1796875,^SP500TR
2025-09-26,14725.98046875,^SP500TR
2025-09-29,14764.919921875,^SP500TR
2025-09-30,14826.7998046875,^SP500TR
2025-10-01,14877.9599609375,^SP500TR
2025-10-02,14887.3203125,^SP500TR
2025-10-03,14889.83984375,^SP500TR
2025-10-06,14945.23046875,^SP500TR
2025-10-07,14888.3701171875,^SP500TR
2025-10-08,14975.1298828125,^SP500TR
2025-10-09,14934.3798828125,^SP500TR
2025-10-10,14531.41015625,^SP500TR
2025-10-13,14758.0703125,^SP500TR
2025-10-14,14735.2099609375,^SP500TR
2025-10-15,14795.66015625,^SP500TR
2025-10-16,14702.5703125,^SP500TR
2025-10-17,14780.3603515625,^SP500TR
2025-10-20,14938.2900390625,^SP500TR
2025-10-21,14938.830078125,^SP500TR
2025-10-22,14859.330078125,^SP500TR
2025-10-23,14946.1298828125,^SP500TR
2025-10-24,15064.91015625,^SP500TR
2025-10-27,15250.1396484375,^SP500TR
2025-10-28,15285.099609375,^SP500TR
2025-10-29,15284.5302734375,^SP500TR
2025-10-30,15133.23046875,^SP500TR
2025-10-31,15173.9501953125,^SP500TR
2025-11-03,15201.0,^SP500TR
2025-11-04,15022.75,^SP500TR
2025-11-05,15077.7099609375,^SP500TR
2025-11-06,14909.2802734375,^SP500TR
2025-11-07,14929.6298828125,^SP500TR
2025-11-10,15161.4697265625,^SP500TR
2025-11-11,15192.9404296875,^SP500TR
2025-11-12,15203.1298828125,^SP500TR
2025-11-13,14951.8701171875,^SP500TR
2025-11-14,14947.51953125,^SP500TR
2025-11-17,14812.01953125,^SP500TR
2025-11-18,14690.8095703125,^SP500TR
2025-11-19,14746.4404296875,^SP500TR
2025-11-20,14518.9501953125,^SP500TR
2025-11-21,14662.6796875,^SP500TR
2025-11-24,14889.669921875,^SP500TR
2025-11-25,15025.5400390625,^SP500TR
2025-11-26,15129.5703125,^SP500TR
2025-11-28,15211.1396484375,^SP500TR
2025-12-01,15132.0,^SP500TR
2025-12-02,15169.6298828125,^SP500TR
2025-12-03,15215.33984375,^SP500TR
2025-12-04,15232.8095703125,^SP500TR
2025-12-05,15264.6396484375,^SP500TR
2025-12-08,15212.83984375,^SP500TR
2025-12-09,15199.66015625,^SP500TR
2025-12-10,15302.75,^SP500TR
2025-12-11,15334.740234375,^SP500TR
2025-12-12,15172.1298828125,^SP500TR
2025-12-15,15150.4599609375,^SP500TR
2025-12-16,15114.919921875,^SP500TR
2025-12-17,14940.009765625,^SP500TR
2025-12-18,15058.7099609375,^SP500TR
2025-12-19,15191.849609375,^SP500TR
2025-12-22,15290.5498046875,^SP500TR
2025-12-23,15360.1796875,^SP500TR
2025-12-24,15409.7001953125,^SP500TR
2025-12-26,15406.48046875,^SP500TR
2025-12-29,15353.16015625,^SP500TR
2025-12-30,15332.0703125,^SP500TR
